id,bare_id,benchmark,construction,verifier,styles,status,outcome,time,A_tau_local_log,unstable_frac,effective_grad_dim_mean,margin_sample_min,ibp_relative_gap,log1p_A_tau_local_log,log1p_unstable_frac,log1p_effective_grad_dim_mean,log1p_margin_sample_min,log1p_ibp_relative_gap,n_total_neurons,ground_truth_label,_yaml_order
meap1,meap1,sweep_all,mlp_relu.meap,abcrown,"D,P",UNSAT,solved,9.01503849029541,0.6931471805599453,0.5714285714285714,70.7494756344799,0.0010000001639127731,40.99999250842064,0.5265890341390445,0.4519851237430572,4.27318054638278,0.0009995004968325573,3.7376694399124153,7.0,True,0
meap1,meap1,sweep_all,mlp_relu.meap,marabou,"S,P",UNSAT,solved,0.12191581726074219,0.6931471805599453,0.5714285714285714,70.7494756344799,0.0010000001639127731,40.99999250842064,0.5265890341390445,0.4519851237430572,4.27318054638278,0.0009995004968325573,3.7376694399124153,7.0,True,0
meap1,meap1,sweep_all,mlp_relu.meap,neuralsat,S,UNSAT,solved,211.50204205513,0.6931471805599453,0.5714285714285714,70.7494756344799,0.0010000001639127731,40.99999250842064,0.5265890341390445,0.4519851237430572,4.27318054638278,0.0009995004968325573,3.7376694399124153,7.0,True,0
meap1,meap1,sweep_all,mlp_relu.meap,nnenum,"R,P",ERROR,error,1.3512115478515625,0.6931471805599453,0.5714285714285714,70.7494756344799,0.0010000001639127731,40.99999250842064,0.5265890341390445,0.4519851237430572,4.27318054638278,0.0009995004968325573,3.7376694399124153,7.0,True,0
meap1,meap1,sweep_all,mlp_relu.meap,pyrat,D,UNSAT,solved,19.037955045700073,0.6931471805599453,0.5714285714285714,70.7494756344799,0.0010000001639127731,40.99999250842064,0.5265890341390445,0.4519851237430572,4.27318054638278,0.0009995004968325573,3.7376694399124153,7.0,True,0
meap2,meap2,sweep_all,mlp_relu.meap,abcrown,"D,P",UNSAT,solved,25.192187309265137,3.6888794541139363,0.9523809523809523,63.725779352993605,0.0010000000474974513,645.0449640723831,1.5451936315479267,0.6690496289808848,4.170159566553809,0.0009995003805335345,6.470869105187586,63.0,True,1
meap2,meap2,sweep_all,mlp_relu.meap,marabou,"S,P",TIMEOUT,timeout,600.0103821754456,3.6888794541139363,0.9523809523809523,63.725779352993605,0.0010000000474974513,645.0449640723831,1.5451936315479267,0.6690496289808848,4.170159566553809,0.0009995003805335345,6.470869105187586,63.0,True,1
meap2,meap2,sweep_all,mlp_relu.meap,neuralsat,S,TIMEOUT,timeout,600.6776413917542,3.6888794541139363,0.9523809523809523,63.725779352993605,0.0010000000474974513,645.0449640723831,1.5451936315479267,0.6690496289808848,4.170159566553809,0.0009995003805335345,6.470869105187586,63.0,True,1
meap2,meap2,sweep_all,mlp_relu.meap,nnenum,"R,P",ERROR,error,1.424818515777588,3.6888794541139363,0.9523809523809523,63.725779352993605,0.0010000000474974513,645.0449640723831,1.5451936315479267,0.6690496289808848,4.170159566553809,0.0009995003805335345,6.470869105187586,63.0,True,1
meap2,meap2,sweep_all,mlp_relu.meap,pyrat,D,UNSAT,solved,18.94107484817505,3.6888794541139363,0.9523809523809523,63.725779352993605,0.0010000000474974513,645.0449640723831,1.5451936315479267,0.6690496289808848,4.170159566553809,0.0009995003805335345,6.470869105187586,63.0,True,1
meap3,meap3,sweep_all,mlp_relu.meap,abcrown,"D,P",UNSAT,solved,72.88517665863037,4.330733340286331,0.9763779527559056,64.18625208811567,0.0010000000474974513,1322.3931873338656,1.6734888160092363,0.6812658526731926,4.177248589154791,0.0009995003805335345,7.187954313713617,127.0,True,2
meap3,meap3,sweep_all,mlp_relu.meap,marabou,"S,P",TIMEOUT,timeout,600.0164189338684,4.330733340286331,0.9763779527559056,64.18625208811567,0.0010000000474974513,1322.3931873338656,1.6734888160092363,0.6812658526731926,4.177248589154791,0.0009995003805335345,7.187954313713617,127.0,True,2
meap3,meap3,sweep_all,mlp_relu.meap,neuralsat,S,TIMEOUT,timeout,600.6109664440155,4.330733340286331,0.9763779527559056,64.18625208811567,0.0010000000474974513,1322.3931873338656,1.6734888160092363,0.6812658526731926,4.177248589154791,0.0009995003805335345,7.187954313713617,127.0,True,2
meap3,meap3,sweep_all,mlp_relu.meap,nnenum,"R,P",ERROR,error,1.3287456035614014,4.330733340286331,0.9763779527559056,64.18625208811567,0.0010000000474974513,1322.3931873338656,1.6734888160092363,0.6812658526731926,4.177248589154791,0.0009995003805335345,7.187954313713617,127.0,True,2
meap3,meap3,sweep_all,mlp_relu.meap,pyrat,D,UNSAT,solved,22.915367126464844,4.330733340286331,0.9763779527559056,64.18625208811567,0.0010000000474974513,1322.3931873338656,1.6734888160092363,0.6812658526731926,4.177248589154791,0.0009995003805335345,7.187954313713617,127.0,True,2
meap4,meap4,sweep_all,mlp_relu.meap,abcrown,"D,P",TIMEOUT,timeout,600.1044192314148,5.645446897643238,0.9941291585127201,64.26292620454478,0.0010000000474974513,5365.0897056746335,1.893931943123261,0.6902074430190204,4.1784241293346875,0.0009995003805335345,8.587854748265633,511.0,True,3
meap4,meap4,sweep_all,mlp_relu.meap,marabou,"S,P",TIMEOUT,timeout,600.0686213970184,5.645446897643238,0.9941291585127201,64.26292620454478,0.0010000000474974513,5365.0897056746335,1.893931943123261,0.6902074430190204,4.1784241293346875,0.0009995003805335345,8.587854748265633,511.0,True,3
meap4,meap4,sweep_all,mlp_relu.meap,neuralsat,S,TIMEOUT,timeout,600.7989194393158,5.645446897643238,0.9941291585127201,64.26292620454478,0.0010000000474974513,5365.0897056746335,1.893931943123261,0.6902074430190204,4.1784241293346875,0.0009995003805335345,8.587854748265633,511.0,True,3
meap4,meap4,sweep_all,mlp_relu.meap,nnenum,"R,P",ERROR,error,1.36887788772583,5.645446897643238,0.9941291585127201,64.26292620454478,0.0010000000474974513,5365.0897056746335,1.893931943123261,0.6902074430190204,4.1784241293346875,0.0009995003805335345,8.587854748265633,511.0,True,3
meap4,meap4,sweep_all,mlp_relu.meap,pyrat,D,UNSAT,solved,167.74844098091125,5.645446897643238,0.9941291585127201,64.26292620454478,0.0010000000474974513,5365.0897056746335,1.893931943123261,0.6902074430190204,4.1784241293346875,0.0009995003805335345,8.587854748265633,511.0,True,3
meap5,meap5,sweep_all,mlp_relu.meap,abcrown,"D,P",UNSAT,solved,37.26540780067444,3.8066624897703196,0.9523809523809523,63.972233029333005,0.0010000000474974513,724.0898983263686,1.570002974208493,0.6690496289808848,4.173959994462381,0.0009995003805335345,6.586295644859139,63.0,True,4
meap5,meap5,sweep_all,mlp_relu.meap,marabou,"S,P",TIMEOUT,timeout,600.0106112957001,3.8066624897703196,0.9523809523809523,63.972233029333005,0.0010000000474974513,724.0898983263686,1.570002974208493,0.6690496289808848,4.173959994462381,0.0009995003805335345,6.586295644859139,63.0,True,4
meap5,meap5,sweep_all,mlp_relu.meap,neuralsat,S,TIMEOUT,timeout,600.6708343029022,3.8066624897703196,0.9523809523809523,63.972233029333005,0.0010000000474974513,724.0898983263686,1.570002974208493,0.6690496289808848,4.173959994462381,0.0009995003805335345,6.586295644859139,63.0,True,4
meap5,meap5,sweep_all,mlp_relu.meap,nnenum,"R,P",ERROR,error,1.3138210773468018,3.8066624897703196,0.9523809523809523,63.972233029333005,0.0010000000474974513,724.0898983263686,1.570002974208493,0.6690496289808848,4.173959994462381,0.0009995003805335345,6.586295644859139,63.0,True,4
meap5,meap5,sweep_all,mlp_relu.meap,pyrat,D,UNSAT,solved,6.254603147506714,3.8066624897703196,0.9523809523809523,63.972233029333005,0.0010000000474974513,724.0898983263686,1.570002974208493,0.6690496289808848,4.173959994462381,0.0009995003805335345,6.586295644859139,63.0,True,4
meap6,meap6,sweep_all,mlp_relu.meap,abcrown,"D,P",UNSAT,solved,25.230706453323364,3.58351893845611,0.9523809523809523,63.80700695860285,0.0010000000474974513,645.0449640723831,1.5224670302876946,0.6690496289808848,4.171413729589582,0.0009995003805335345,6.470869105187586,63.0,True,5
meap6,meap6,sweep_all,mlp_relu.meap,marabou,"S,P",TIMEOUT,timeout,600.0112814903259,3.58351893845611,0.9523809523809523,63.80700695860285,0.0010000000474974513,645.0449640723831,1.5224670302876946,0.6690496289808848,4.171413729589582,0.0009995003805335345,6.470869105187586,63.0,True,5
meap6,meap6,sweep_all,mlp_relu.meap,neuralsat,S,TIMEOUT,timeout,600.6471049785614,3.58351893845611,0.9523809523809523,63.80700695860285,0.0010000000474974513,645.0449640723831,1.5224670302876946,0.6690496289808848,4.171413729589582,0.0009995003805335345,6.470869105187586,63.0,True,5
meap6,meap6,sweep_all,mlp_relu.meap,nnenum,"R,P",ERROR,error,1.3854913711547852,3.58351893845611,0.9523809523809523,63.80700695860285,0.0010000000474974513,645.0449640723831,1.5224670302876946,0.6690496289808848,4.171413729589582,0.0009995003805335345,6.470869105187586,63.0,True,5
meap6,meap6,sweep_all,mlp_relu.meap,pyrat,D,UNSAT,solved,6.367302894592285,3.58351893845611,0.9523809523809523,63.80700695860285,0.0010000000474974513,645.0449640723831,1.5224670302876946,0.6690496289808848,4.171413729589582,0.0009995003805335345,6.470869105187586,63.0,True,5
meap7,meap7,sweep_all,mlp_relu.meap,abcrown,"D,P",UNSAT,solved,30.905230045318604,3.5263605246161616,1.0,63.532074052345926,0.0010000000474974513,630.999905072594,1.5099182003836584,0.6931471805599453,4.167162372332309,0.0009995003805335345,6.4488892439452545,63.0,True,6
meap7,meap7,sweep_all,mlp_relu.meap,marabou,"S,P",TIMEOUT,timeout,600.0152721405029,3.5263605246161616,1.0,63.532074052345926,0.0010000000474974513,630.999905072594,1.5099182003836584,0.6931471805599453,4.167162372332309,0.0009995003805335345,6.4488892439452545,63.0,True,6
meap7,meap7,sweep_all,mlp_relu.meap,neuralsat,S,TIMEOUT,timeout,600.7549254894257,3.5263605246161616,1.0,63.532074052345926,0.0010000000474974513,630.999905072594,1.5099182003836584,0.6931471805599453,4.167162372332309,0.0009995003805335345,6.4488892439452545,63.0,True,6
meap7,meap7,sweep_all,mlp_relu.meap,nnenum,"R,P",ERROR,error,1.3856544494628906,3.5263605246161616,1.0,63.532074052345926,0.0010000000474974513,630.999905072594,1.5099182003836584,0.6931471805599453,4.167162372332309,0.0009995003805335345,6.4488892439452545,63.0,True,6
meap7,meap7,sweep_all,mlp_relu.meap,pyrat,D,UNSAT,solved,7.119868993759155,3.5263605246161616,1.0,63.532074052345926,0.0010000000474974513,630.999905072594,1.5099182003836584,0.6931471805599453,4.167162372332309,0.0009995003805335345,6.4488892439452545,63.0,True,6
meap8,meap8,sweep_all,mlp_relu.meap,abcrown,"D,P",UNSAT,solved,34.913395166397095,3.4657359027997265,1.0,63.27714266667052,0.0010000000474974513,630.999905072594,1.496434016604423,0.6931471805599453,4.1632040885227415,0.0009995003805335345,6.4488892439452545,63.0,True,7
meap8,meap8,sweep_all,mlp_relu.meap,marabou,"S,P",TIMEOUT,timeout,600.0074191093445,3.4657359027997265,1.0,63.27714266667052,0.0010000000474974513,630.999905072594,1.496434016604423,0.6931471805599453,4.1632040885227415,0.0009995003805335345,6.4488892439452545,63.0,True,7
meap8,meap8,sweep_all,mlp_relu.meap,neuralsat,S,UNSAT,solved,498.1071093082428,3.4657359027997265,1.0,63.27714266667052,0.0010000000474974513,630.999905072594,1.496434016604423,0.6931471805599453,4.1632040885227415,0.0009995003805335345,6.4488892439452545,63.0,True,7
meap8,meap8,sweep_all,mlp_relu.meap,nnenum,"R,P",ERROR,error,1.3506369590759277,3.4657359027997265,1.0,63.27714266667052,0.0010000000474974513,630.999905072594,1.496434016604423,0.6931471805599453,4.1632040885227415,0.0009995003805335345,6.4488892439452545,63.0,True,7
meap8,meap8,sweep_all,mlp_relu.meap,pyrat,D,UNSAT,solved,7.322766304016113,3.4657359027997265,1.0,63.27714266667052,0.0010000000474974513,630.999905072594,1.496434016604423,0.6931471805599453,4.1632040885227415,0.0009995003805335345,6.4488892439452545,63.0,True,7
meap9,meap9,sweep_all,mlp_relu.meap,abcrown,"D,P",UNSAT,solved,26.23263168334961,3.5553480614894135,0.9523809523809523,63.7356139149746,0.0010000000474974513,645.0449640723831,1.5163019408528369,0.6690496289808848,4.170311496974944,0.0009995003805335345,6.470869105187586,63.0,True,8
meap9,meap9,sweep_all,mlp_relu.meap,marabou,"S,P",TIMEOUT,timeout,600.009560585022,3.5553480614894135,0.9523809523809523,63.7356139149746,0.0010000000474974513,645.0449640723831,1.5163019408528369,0.6690496289808848,4.170311496974944,0.0009995003805335345,6.470869105187586,63.0,True,8
meap9,meap9,sweep_all,mlp_relu.meap,neuralsat,S,UNSAT,solved,491.7003083229065,3.5553480614894135,0.9523809523809523,63.7356139149746,0.0010000000474974513,645.0449640723831,1.5163019408528369,0.6690496289808848,4.170311496974944,0.0009995003805335345,6.470869105187586,63.0,True,8
meap9,meap9,sweep_all,mlp_relu.meap,nnenum,"R,P",ERROR,error,1.3235819339752197,3.5553480614894135,0.9523809523809523,63.7356139149746,0.0010000000474974513,645.0449640723831,1.5163019408528369,0.6690496289808848,4.170311496974944,0.0009995003805335345,6.470869105187586,63.0,True,8
meap9,meap9,sweep_all,mlp_relu.meap,pyrat,D,UNSAT,solved,7.554126977920532,3.5553480614894135,0.9523809523809523,63.7356139149746,0.0010000000474974513,645.0449640723831,1.5163019408528369,0.6690496289808848,4.170311496974944,0.0009995003805335345,6.470869105187586,63.0,True,8
meap10,meap10,sweep_all,mlp_relu.meap,abcrown,"D,P",UNSAT,solved,24.599721431732178,3.58351893845611,0.9523809523809523,63.467704338576624,9.999999747378752e-05,645.0449604239334,1.5224670302876946,0.6690496289808848,4.166164390476608,9.999499780734844e-05,6.4708690995402245,63.0,True,9
meap10,meap10,sweep_all,mlp_relu.meap,marabou,"S,P",TIMEOUT,timeout,600.0079798698425,3.58351893845611,0.9523809523809523,63.467704338576624,9.999999747378752e-05,645.0449604239334,1.5224670302876946,0.6690496289808848,4.166164390476608,9.999499780734844e-05,6.4708690995402245,63.0,True,9
meap10,meap10,sweep_all,mlp_relu.meap,neuralsat,S,UNSAT,solved,488.29221963882446,3.58351893845611,0.9523809523809523,63.467704338576624,9.999999747378752e-05,645.0449604239334,1.5224670302876946,0.6690496289808848,4.166164390476608,9.999499780734844e-05,6.4708690995402245,63.0,True,9
meap10,meap10,sweep_all,mlp_relu.meap,nnenum,"R,P",ERROR,error,1.2946593761444092,3.58351893845611,0.9523809523809523,63.467704338576624,9.999999747378752e-05,645.0449604239334,1.5224670302876946,0.6690496289808848,4.166164390476608,9.999499780734844e-05,6.4708690995402245,63.0,True,9
meap10,meap10,sweep_all,mlp_relu.meap,pyrat,D,UNSAT,solved,7.148808002471924,3.58351893845611,0.9523809523809523,63.467704338576624,9.999999747378752e-05,645.0449604239334,1.5224670302876946,0.6690496289808848,4.166164390476608,9.999499780734844e-05,6.4708690995402245,63.0,True,9
meap11,meap11,sweep_all,mlp_relu.meap,abcrown,"D,P",UNSAT,solved,28.774168491363525,3.6635616461296463,0.9523809523809523,63.52820945876017,9.999999747378752e-06,645.0449023698914,1.5397794579522743,0.6690496289808848,4.16710248413926,9.999949747714609e-06,6.470869009679537,63.0,True,10
meap11,meap11,sweep_all,mlp_relu.meap,marabou,"S,P",SAT,counterexample,0.14344143867492676,3.6635616461296463,0.9523809523809523,63.52820945876017,9.999999747378752e-06,645.0449023698914,1.5397794579522743,0.6690496289808848,4.16710248413926,9.999949747714609e-06,6.470869009679537,63.0,True,10
meap11,meap11,sweep_all,mlp_relu.meap,neuralsat,S,TIMEOUT,timeout,600.7686212062836,3.6635616461296463,0.9523809523809523,63.52820945876017,9.999999747378752e-06,645.0449023698914,1.5397794579522743,0.6690496289808848,4.16710248413926,9.999949747714609e-06,6.470869009679537,63.0,True,10
meap11,meap11,sweep_all,mlp_relu.meap,nnenum,"R,P",ERROR,error,1.3241431713104248,3.6635616461296463,0.9523809523809523,63.52820945876017,9.999999747378752e-06,645.0449023698914,1.5397794579522743,0.6690496289808848,4.16710248413926,9.999949747714609e-06,6.470869009679537,63.0,True,10
meap11,meap11,sweep_all,mlp_relu.meap,pyrat,D,UNSAT,solved,7.36923885345459,3.6635616461296463,0.9523809523809523,63.52820945876017,9.999999747378752e-06,645.0449023698914,1.5397794579522743,0.6690496289808848,4.16710248413926,9.999949747714609e-06,6.470869009679537,63.0,True,10
meap12,meap12,sweep_all,mlp_relu.meap,abcrown,"D,P",UNSAT,solved,25.734852075576782,3.58351893845611,0.9523809523809523,63.43706717714754,1.0,645.0449829095112,1.5224670302876946,0.6690496289808848,4.165689044814136,0.6931471805599453,6.470869134345198,63.0,True,11
meap12,meap12,sweep_all,mlp_relu.meap,marabou,"S,P",TIMEOUT,timeout,600.0074799060822,3.58351893845611,0.9523809523809523,63.43706717714754,1.0,645.0449829095112,1.5224670302876946,0.6690496289808848,4.165689044814136,0.6931471805599453,6.470869134345198,63.0,True,11
meap12,meap12,sweep_all,mlp_relu.meap,neuralsat,S,UNSAT,solved,479.2031033039093,3.58351893845611,0.9523809523809523,63.43706717714754,1.0,645.0449829095112,1.5224670302876946,0.6690496289808848,4.165689044814136,0.6931471805599453,6.470869134345198,63.0,True,11
meap12,meap12,sweep_all,mlp_relu.meap,nnenum,"R,P",ERROR,error,1.359008550643921,3.58351893845611,0.9523809523809523,63.43706717714754,1.0,645.0449829095112,1.5224670302876946,0.6690496289808848,4.165689044814136,0.6931471805599453,6.470869134345198,63.0,True,11
meap12,meap12,sweep_all,mlp_relu.meap,pyrat,D,UNSAT,solved,7.29447078704834,3.58351893845611,0.9523809523809523,63.43706717714754,1.0,645.0449829095112,1.5224670302876946,0.6690496289808848,4.165689044814136,0.6931471805599453,6.470869134345198,63.0,True,11
meap13,meap13,sweep_all,mlp_relu.meap,abcrown,"D,P",UNSAT,solved,8.854910135269165,0.6931471805599453,0.5714285714285714,70.75047898794142,0.0010000001639127731,40.99999250842064,0.5265890341390445,0.4519851237430572,4.273194530407572,0.0009995004968325573,3.7376694399124153,7.0,True,12
meap13,meap13,sweep_all,mlp_relu.meap,marabou,"S,P",UNSAT,solved,0.1327221393585205,0.6931471805599453,0.5714285714285714,70.75047898794142,0.0010000001639127731,40.99999250842064,0.5265890341390445,0.4519851237430572,4.273194530407572,0.0009995004968325573,3.7376694399124153,7.0,True,12
meap13,meap13,sweep_all,mlp_relu.meap,neuralsat,S,UNSAT,solved,175.20037698745728,0.6931471805599453,0.5714285714285714,70.75047898794142,0.0010000001639127731,40.99999250842064,0.5265890341390445,0.4519851237430572,4.273194530407572,0.0009995004968325573,3.7376694399124153,7.0,True,12
meap13,meap13,sweep_all,mlp_relu.meap,nnenum,"R,P",ERROR,error,1.25480055809021,0.6931471805599453,0.5714285714285714,70.75047898794142,0.0010000001639127731,40.99999250842064,0.5265890341390445,0.4519851237430572,4.273194530407572,0.0009995004968325573,3.7376694399124153,7.0,True,12
meap13,meap13,sweep_all,mlp_relu.meap,pyrat,D,UNSAT,solved,4.6588358879089355,0.6931471805599453,0.5714285714285714,70.75047898794142,0.0010000001639127731,40.99999250842064,0.5265890341390445,0.4519851237430572,4.273194530407572,0.0009995004968325573,3.7376694399124153,7.0,True,12
meap14,meap14,sweep_all,mlp_relu.meap,abcrown,"D,P",UNSAT,solved,23.356231212615967,3.5553480614894135,0.9523809523809523,63.46136499900791,100.0,645.0449999999936,1.5163019408528369,0.6690496289808848,4.1660660520707475,4.61512051684126,6.47086916079921,63.0,True,13
meap14,meap14,sweep_all,mlp_relu.meap,marabou,"S,P",TIMEOUT,timeout,600.0070691108704,3.5553480614894135,0.9523809523809523,63.46136499900791,100.0,645.0449999999936,1.5163019408528369,0.6690496289808848,4.1660660520707475,4.61512051684126,6.47086916079921,63.0,True,13
meap14,meap14,sweep_all,mlp_relu.meap,neuralsat,S,TIMEOUT,timeout,600.7722275257111,3.5553480614894135,0.9523809523809523,63.46136499900791,100.0,645.0449999999936,1.5163019408528369,0.6690496289808848,4.1660660520707475,4.61512051684126,6.47086916079921,63.0,True,13
meap14,meap14,sweep_all,mlp_relu.meap,nnenum,"R,P",ERROR,error,1.338477611541748,3.5553480614894135,0.9523809523809523,63.46136499900791,100.0,645.0449999999936,1.5163019408528369,0.6690496289808848,4.1660660520707475,4.61512051684126,6.47086916079921,63.0,True,13
meap14,meap14,sweep_all,mlp_relu.meap,pyrat,D,UNSAT,solved,6.022543907165527,3.5553480614894135,0.9523809523809523,63.46136499900791,100.0,645.0449999999936,1.5163019408528369,0.6690496289808848,4.1660660520707475,4.61512051684126,6.47086916079921,63.0,True,13
milp1,milp1,sweep_all,mlp_relu.milp.exact_radius,abcrown,"D,P",UNSAT,solved,7.150469541549683,3.2188758248682006,0.8333333333333334,32.35174663335047,0.04671812057495117,13.56779918317475,1.4395687003478856,0.6061358035703156,3.507110143804332,0.04565966982873487,2.6788135575399847,30.0,True,14
milp1,milp1,sweep_all,mlp_relu.milp.exact_radius,marabou,"S,P",UNSAT,solved,0.20496845245361328,3.2188758248682006,0.8333333333333334,32.35174663335047,0.04671812057495117,13.56779918317475,1.4395687003478856,0.6061358035703156,3.507110143804332,0.04565966982873487,2.6788135575399847,30.0,True,14
milp1,milp1,sweep_all,mlp_relu.milp.exact_radius,neuralsat,S,UNSAT,solved,82.73089218139648,3.2188758248682006,0.8333333333333334,32.35174663335047,0.04671812057495117,13.56779918317475,1.4395687003478856,0.6061358035703156,3.507110143804332,0.04565966982873487,2.6788135575399847,30.0,True,14
milp1,milp1,sweep_all,mlp_relu.milp.exact_radius,nnenum,"R,P",UNSAT,solved,1.4965834617614746,3.2188758248682006,0.8333333333333334,32.35174663335047,0.04671812057495117,13.56779918317475,1.4395687003478856,0.6061358035703156,3.507110143804332,0.04565966982873487,2.6788135575399847,30.0,True,14
milp1,milp1,sweep_all,mlp_relu.milp.exact_radius,pyrat,D,UNSAT,solved,4.206479072570801,3.2188758248682006,0.8333333333333334,32.35174663335047,0.04671812057495117,13.56779918317475,1.4395687003478856,0.6061358035703156,3.507110143804332,0.04565966982873487,2.6788135575399847,30.0,True,14
milp2,milp2,sweep_all,mlp_relu.milp.exact_radius,abcrown,"D,P",UNSAT,solved,9.415895938873291,4.23410650459726,0.9666666666666667,32.992183582693706,0.009411066770553589,143.4963851606485,1.6551961525056738,0.6763400622435641,3.526130603559685,0.009367058575587854,4.973254491050293,30.0,True,15
milp2,milp2,sweep_all,mlp_relu.milp.exact_radius,marabou,"S,P",UNSAT,solved,58.747788190841675,4.23410650459726,0.9666666666666667,32.992183582693706,0.009411066770553589,143.4963851606485,1.6551961525056738,0.6763400622435641,3.526130603559685,0.009367058575587854,4.973254491050293,30.0,True,15
milp2,milp2,sweep_all,mlp_relu.milp.exact_radius,neuralsat,S,UNSAT,solved,73.52887892723083,4.23410650459726,0.9666666666666667,32.992183582693706,0.009411066770553589,143.4963851606485,1.6551961525056738,0.6763400622435641,3.526130603559685,0.009367058575587854,4.973254491050293,30.0,True,15
milp2,milp2,sweep_all,mlp_relu.milp.exact_radius,nnenum,"R,P",UNSAT,solved,6.630540370941162,4.23410650459726,0.9666666666666667,32.992183582693706,0.009411066770553589,143.4963851606485,1.6551961525056738,0.6763400622435641,3.526130603559685,0.009367058575587854,4.973254491050293,30.0,True,15
milp2,milp2,sweep_all,mlp_relu.milp.exact_radius,pyrat,D,UNSAT,solved,6.5339250564575195,4.23410650459726,0.9666666666666667,32.992183582693706,0.009411066770553589,143.4963851606485,1.6551961525056738,0.6763400622435641,3.526130603559685,0.009367058575587854,4.973254491050293,30.0,True,15
milp3,milp3,sweep_all,mlp_relu.milp.exact_radius,abcrown,"D,P",UNSAT,solved,10.895057201385498,4.465908118654584,0.9666666666666667,32.72965686580451,0.001780688762664795,853.1880497300713,1.6985302777514544,0.6763400622435641,3.5183774760542628,0.001779105216020507,6.7501513682955405,30.0,True,16
milp3,milp3,sweep_all,mlp_relu.milp.exact_radius,marabou,"S,P",UNSAT,solved,119.7146372795105,4.465908118654584,0.9666666666666667,32.72965686580451,0.001780688762664795,853.1880497300713,1.6985302777514544,0.6763400622435641,3.5183774760542628,0.001779105216020507,6.7501513682955405,30.0,True,16
milp3,milp3,sweep_all,mlp_relu.milp.exact_radius,neuralsat,S,UNSAT,solved,88.28327703475952,4.465908118654584,0.9666666666666667,32.72965686580451,0.001780688762664795,853.1880497300713,1.6985302777514544,0.6763400622435641,3.5183774760542628,0.001779105216020507,6.7501513682955405,30.0,True,16
milp3,milp3,sweep_all,mlp_relu.milp.exact_radius,nnenum,"R,P",UNSAT,solved,17.977757930755615,4.465908118654584,0.9666666666666667,32.72965686580451,0.001780688762664795,853.1880497300713,1.6985302777514544,0.6763400622435641,3.5183774760542628,0.001779105216020507,6.7501513682955405,30.0,True,16
milp3,milp3,sweep_all,mlp_relu.milp.exact_radius,pyrat,D,UNSAT,solved,11.663242101669312,4.465908118654584,0.9666666666666667,32.72965686580451,0.001780688762664795,853.1880497300713,1.6985302777514544,0.6763400622435641,3.5183774760542628,0.001779105216020507,6.7501513682955405,30.0,True,16
milp4,milp4,sweep_all,mlp_relu.milp.exact_radius,abcrown,"D,P",UNSAT,solved,11.329006671905518,4.553876891600541,0.9666666666666667,32.99541444196227,0.0010389089584350586,1478.6321270908015,1.7144962229206409,0.6763400622435641,3.5262256461664214,0.0010383696660079364,7.299548773084829,30.0,True,17
milp4,milp4,sweep_all,mlp_relu.milp.exact_radius,marabou,"S,P",UNSAT,solved,149.4255599975586,4.553876891600541,0.9666666666666667,32.99541444196227,0.0010389089584350586,1478.6321270908015,1.7144962229206409,0.6763400622435641,3.5262256461664214,0.0010383696660079364,7.299548773084829,30.0,True,17
milp4,milp4,sweep_all,mlp_relu.milp.exact_radius,neuralsat,S,UNSAT,solved,89.84573745727539,4.553876891600541,0.9666666666666667,32.99541444196227,0.0010389089584350586,1478.6321270908015,1.7144962229206409,0.6763400622435641,3.5262256461664214,0.0010383696660079364,7.299548773084829,30.0,True,17
milp4,milp4,sweep_all,mlp_relu.milp.exact_radius,nnenum,"R,P",UNSAT,solved,19.39266538619995,4.553876891600541,0.9666666666666667,32.99541444196227,0.0010389089584350586,1478.6321270908015,1.7144962229206409,0.6763400622435641,3.5262256461664214,0.0010383696660079364,7.299548773084829,30.0,True,17
milp4,milp4,sweep_all,mlp_relu.milp.exact_radius,pyrat,D,UNSAT,solved,17.019423007965088,4.553876891600541,0.9666666666666667,32.99541444196227,0.0010389089584350586,1478.6321270908015,1.7144962229206409,0.6763400622435641,3.5262256461664214,0.0010383696660079364,7.299548773084829,30.0,True,17
milp5,milp5,sweep_all,mlp_relu.milp.exact_radius,abcrown,"D,P",TIMEOUT,timeout,11.638338565826416,4.605170185988092,0.9666666666666667,32.895947438980755,0.0010890364646911621,1412.2381903730816,1.7236894193081456,0.6763400622435641,3.5232954626675435,0.001088443894661674,7.253638939159673,30.0,True,18
milp5,milp5,sweep_all,mlp_relu.milp.exact_radius,marabou,"S,P",UNSAT,solved,122.41134786605835,4.605170185988092,0.9666666666666667,32.895947438980755,0.0010890364646911621,1412.2381903730816,1.7236894193081456,0.6763400622435641,3.5232954626675435,0.001088443894661674,7.253638939159673,30.0,True,18
milp5,milp5,sweep_all,mlp_relu.milp.exact_radius,neuralsat,S,UNSAT,solved,91.64986181259155,4.605170185988092,0.9666666666666667,32.895947438980755,0.0010890364646911621,1412.2381903730816,1.7236894193081456,0.6763400622435641,3.5232954626675435,0.001088443894661674,7.253638939159673,30.0,True,18
milp5,milp5,sweep_all,mlp_relu.milp.exact_radius,nnenum,"R,P",UNSAT,solved,20.0799777507782,4.605170185988092,0.9666666666666667,32.895947438980755,0.0010890364646911621,1412.2381903730816,1.7236894193081456,0.6763400622435641,3.5232954626675435,0.001088443894661674,7.253638939159673,30.0,True,18
milp5,milp5,sweep_all,mlp_relu.milp.exact_radius,pyrat,D,UNKNOWN,other,14.754533767700195,4.605170185988092,0.9666666666666667,32.895947438980755,0.0010890364646911621,1412.2381903730816,1.7236894193081456,0.6763400622435641,3.5232954626675435,0.001088443894661674,7.253638939159673,30.0,True,18
milp6,milp6,sweep_all,mlp_relu.milp.exact_radius,abcrown,"D,P",TIMEOUT,timeout,13.128538608551025,4.3694478524670215,0.9666666666666667,32.84029731011398,0.0011395812034606934,1349.7992037948704,1.6807250824647135,0.6763400622435641,3.5216523204592973,0.001138932373683749,7.208451699078955,30.0,True,19
milp6,milp6,sweep_all,mlp_relu.milp.exact_radius,marabou,"S,P",UNSAT,solved,139.47671794891357,4.3694478524670215,0.9666666666666667,32.84029731011398,0.0011395812034606934,1349.7992037948704,1.6807250824647135,0.6763400622435641,3.5216523204592973,0.001138932373683749,7.208451699078955,30.0,True,19
milp6,milp6,sweep_all,mlp_relu.milp.exact_radius,neuralsat,S,UNSAT,solved,76.03787851333618,4.3694478524670215,0.9666666666666667,32.84029731011398,0.0011395812034606934,1349.7992037948704,1.6807250824647135,0.6763400622435641,3.5216523204592973,0.001138932373683749,7.208451699078955,30.0,True,19
milp6,milp6,sweep_all,mlp_relu.milp.exact_radius,nnenum,"R,P",UNSAT,solved,19.45915722846985,4.3694478524670215,0.9666666666666667,32.84029731011398,0.0011395812034606934,1349.7992037948704,1.6807250824647135,0.6763400622435641,3.5216523204592973,0.001138932373683749,7.208451699078955,30.0,True,19
milp6,milp6,sweep_all,mlp_relu.milp.exact_radius,pyrat,D,UNKNOWN,other,13.78966212272644,4.3694478524670215,0.9666666666666667,32.84029731011398,0.0011395812034606934,1349.7992037948704,1.6807250824647135,0.6763400622435641,3.5216523204592973,0.001138932373683749,7.208451699078955,30.0,True,19
milp7,milp7,sweep_all,mlp_relu.milp.exact_radius,abcrown,"D,P",TIMEOUT,timeout,11.086543560028076,4.5217885770490405,0.9666666666666667,33.168340565534,0.0014224052429199219,1081.6242868694835,1.7087018253879918,0.6763400622435641,3.5312995008722474,0.001421394582847655,6.987143267945977,30.0,True,20
milp7,milp7,sweep_all,mlp_relu.milp.exact_radius,marabou,"S,P",SAT,counterexample,4.2808756828308105,4.5217885770490405,0.9666666666666667,33.168340565534,0.0014224052429199219,1081.6242868694835,1.7087018253879918,0.6763400622435641,3.5312995008722474,0.001421394582847655,6.987143267945977,30.0,True,20
milp7,milp7,sweep_all,mlp_relu.milp.exact_radius,neuralsat,S,SAT,counterexample,34.4378881454468,4.5217885770490405,0.9666666666666667,33.168340565534,0.0014224052429199219,1081.6242868694835,1.7087018253879918,0.6763400622435641,3.5312995008722474,0.001421394582847655,6.987143267945977,30.0,True,20
milp7,milp7,sweep_all,mlp_relu.milp.exact_radius,nnenum,"R,P",SAT,counterexample,14.238492965698242,4.5217885770490405,0.9666666666666667,33.168340565534,0.0014224052429199219,1081.6242868694835,1.7087018253879918,0.6763400622435641,3.5312995008722474,0.001421394582847655,6.987143267945977,30.0,True,20
milp7,milp7,sweep_all,mlp_relu.milp.exact_radius,pyrat,D,UNKNOWN,other,15.8851797580719,4.5217885770490405,0.9666666666666667,33.168340565534,0.0014224052429199219,1081.6242868694835,1.7087018253879918,0.6763400622435641,3.5312995008722474,0.001421394582847655,6.987143267945977,30.0,True,20
milp8,milp8,sweep_all,mlp_relu.milp.exact_radius,abcrown,"D,P",UNSAT,solved,8.153729438781738,3.091042453358316,0.8666666666666667,33.24253923180555,0.0774068683385849,12.104775321244121,1.4087998161504007,0.6241543090729939,3.533468708331244,0.07455710616376954,2.5729766921220385,30.0,True,21
milp8,milp8,sweep_all,mlp_relu.milp.exact_radius,marabou,"S,P",UNSAT,solved,0.48194432258605957,3.091042453358316,0.8666666666666667,33.24253923180555,0.0774068683385849,12.104775321244121,1.4087998161504007,0.6241543090729939,3.533468708331244,0.07455710616376954,2.5729766921220385,30.0,True,21
milp8,milp8,sweep_all,mlp_relu.milp.exact_radius,neuralsat,S,UNSAT,solved,84.27165937423706,3.091042453358316,0.8666666666666667,33.24253923180555,0.0774068683385849,12.104775321244121,1.4087998161504007,0.6241543090729939,3.533468708331244,0.07455710616376954,2.5729766921220385,30.0,True,21
milp8,milp8,sweep_all,mlp_relu.milp.exact_radius,nnenum,"R,P",UNSAT,solved,1.7124927043914795,3.091042453358316,0.8666666666666667,33.24253923180555,0.0774068683385849,12.104775321244121,1.4087998161504007,0.6241543090729939,3.533468708331244,0.07455710616376954,2.5729766921220385,30.0,True,21
milp8,milp8,sweep_all,mlp_relu.milp.exact_radius,pyrat,D,UNSAT,solved,6.421873092651367,3.091042453358316,0.8666666666666667,33.24253923180555,0.0774068683385849,12.104775321244121,1.4087998161504007,0.6241543090729939,3.533468708331244,0.07455710616376954,2.5729766921220385,30.0,True,21
milp9,milp9,sweep_all,mlp_relu.milp.exact_radius,abcrown,"D,P",UNSAT,solved,13.480918645858765,4.48863636973214,1.0,33.8248596665537,0.022936195135116577,76.34656858781675,1.7026798402849839,0.6931471805599453,3.550331489982336,0.022677114677473846,4.348296213886588,30.0,True,22
milp9,milp9,sweep_all,mlp_relu.milp.exact_radius,marabou,"S,P",UNSAT,solved,215.64988827705383,4.48863636973214,1.0,33.8248596665537,0.022936195135116577,76.34656858781675,1.7026798402849839,0.6931471805599453,3.550331489982336,0.022677114677473846,4.348296213886588,30.0,True,22
milp9,milp9,sweep_all,mlp_relu.milp.exact_radius,neuralsat,S,UNSAT,solved,85.22190999984741,4.48863636973214,1.0,33.8248596665537,0.022936195135116577,76.34656858781675,1.7026798402849839,0.6931471805599453,3.550331489982336,0.022677114677473846,4.348296213886588,30.0,True,22
milp9,milp9,sweep_all,mlp_relu.milp.exact_radius,nnenum,"R,P",UNSAT,solved,43.375298500061035,4.48863636973214,1.0,33.8248596665537,0.022936195135116577,76.34656858781675,1.7026798402849839,0.6931471805599453,3.550331489982336,0.022677114677473846,4.348296213886588,30.0,True,22
milp9,milp9,sweep_all,mlp_relu.milp.exact_radius,pyrat,D,UNSAT,solved,24.20536494255066,4.48863636973214,1.0,33.8248596665537,0.022936195135116577,76.34656858781675,1.7026798402849839,0.6931471805599453,3.550331489982336,0.022677114677473846,4.348296213886588,30.0,True,22
milp10,milp10,sweep_all,mlp_relu.milp.exact_radius,abcrown,"D,P",UNSAT,solved,30.459721565246582,4.653960350157523,1.0,33.81587768818747,0.010376662015914917,184.98700681478667,1.7323562465403226,0.6931471805599453,3.5500735381352646,0.010323194020081656,5.225676815438688,30.0,True,23
milp10,milp10,sweep_all,mlp_relu.milp.exact_radius,marabou,"S,P",UNSAT,solved,540.487202167511,4.653960350157523,1.0,33.81587768818747,0.010376662015914917,184.98700681478667,1.7323562465403226,0.6931471805599453,3.5500735381352646,0.010323194020081656,5.225676815438688,30.0,True,23
milp10,milp10,sweep_all,mlp_relu.milp.exact_radius,neuralsat,S,UNSAT,solved,86.12595582008362,4.653960350157523,1.0,33.81587768818747,0.010376662015914917,184.98700681478667,1.7323562465403226,0.6931471805599453,3.5500735381352646,0.010323194020081656,5.225676815438688,30.0,True,23
milp10,milp10,sweep_all,mlp_relu.milp.exact_radius,nnenum,"R,P",UNSAT,solved,141.8957588672638,4.653960350157523,1.0,33.81587768818747,0.010376662015914917,184.98700681478667,1.7323562465403226,0.6931471805599453,3.5500735381352646,0.010323194020081656,5.225676815438688,30.0,True,23
milp10,milp10,sweep_all,mlp_relu.milp.exact_radius,pyrat,D,UNSAT,solved,39.13710808753967,4.653960350157523,1.0,33.81587768818747,0.010376662015914917,184.98700681478667,1.7323562465403226,0.6931471805599453,3.5500735381352646,0.010323194020081656,5.225676815438688,30.0,True,23
milp11,milp11,sweep_all,mlp_relu.milp.exact_radius,abcrown,"D,P",UNSAT,solved,29.872689962387085,4.663439094112067,1.0,33.84638366623409,0.008300289511680603,233.19333489703416,1.7340313214932865,0.6931471805599453,3.5509493632779896,0.008266031545505334,5.456146991736594,30.0,True,24
milp11,milp11,sweep_all,mlp_relu.milp.exact_radius,marabou,"S,P",TIMEOUT,timeout,600.0063519477844,4.663439094112067,1.0,33.84638366623409,0.008300289511680603,233.19333489703416,1.7340313214932865,0.6931471805599453,3.5509493632779896,0.008266031545505334,5.456146991736594,30.0,True,24
milp11,milp11,sweep_all,mlp_relu.milp.exact_radius,neuralsat,S,UNSAT,solved,81.67375898361206,4.663439094112067,1.0,33.84638366623409,0.008300289511680603,233.19333489703416,1.7340313214932865,0.6931471805599453,3.5509493632779896,0.008266031545505334,5.456146991736594,30.0,True,24
milp11,milp11,sweep_all,mlp_relu.milp.exact_radius,nnenum,"R,P",UNSAT,solved,169.95005750656128,4.663439094112067,1.0,33.84638366623409,0.008300289511680603,233.19333489703416,1.7340313214932865,0.6931471805599453,3.5509493632779896,0.008266031545505334,5.456146991736594,30.0,True,24
milp11,milp11,sweep_all,mlp_relu.milp.exact_radius,pyrat,D,UNKNOWN,other,31.83538579940796,4.663439094112067,1.0,33.84638366623409,0.008300289511680603,233.19333489703416,1.7340313214932865,0.6931471805599453,3.5509493632779896,0.008266031545505334,5.456146991736594,30.0,True,24
milp12,milp12,sweep_all,mlp_relu.milp.exact_radius,abcrown,"D,P",TIMEOUT,timeout,30.609461784362793,4.59511985013459,1.0,33.758575229113,0.008616462349891663,224.88328739212255,1.7218947624700471,0.6931471805599453,3.548426310751402,0.008579552508142092,5.420018438409209,30.0,True,25
milp12,milp12,sweep_all,mlp_relu.milp.exact_radius,marabou,"S,P",TIMEOUT,timeout,600.0189237594604,4.59511985013459,1.0,33.758575229113,0.008616462349891663,224.88328739212255,1.7218947624700471,0.6931471805599453,3.548426310751402,0.008579552508142092,5.420018438409209,30.0,True,25
milp12,milp12,sweep_all,mlp_relu.milp.exact_radius,neuralsat,S,UNSAT,solved,91.93219065666199,4.59511985013459,1.0,33.758575229113,0.008616462349891663,224.88328739212255,1.7218947624700471,0.6931471805599453,3.548426310751402,0.008579552508142092,5.420018438409209,30.0,True,25
milp12,milp12,sweep_all,mlp_relu.milp.exact_radius,nnenum,"R,P",UNSAT,solved,168.5177435874939,4.59511985013459,1.0,33.758575229113,0.008616462349891663,224.88328739212255,1.7218947624700471,0.6931471805599453,3.548426310751402,0.008579552508142092,5.420018438409209,30.0,True,25
milp12,milp12,sweep_all,mlp_relu.milp.exact_radius,pyrat,D,UNKNOWN,other,32.31307530403137,4.59511985013459,1.0,33.758575229113,0.008616462349891663,224.88328739212255,1.7218947624700471,0.6931471805599453,3.548426310751402,0.008579552508142092,5.420018438409209,30.0,True,25
milp13,milp13,sweep_all,mlp_relu.milp.exact_radius,abcrown,"D,P",TIMEOUT,timeout,28.44678521156311,4.634728988229636,1.0,33.94914613498031,0.00804390013217926,240.84170929006936,1.7289490519659823,0.6931471805599453,3.553894037336464,0.008011720419260125,5.488283418301292,30.0,True,26
milp13,milp13,sweep_all,mlp_relu.milp.exact_radius,marabou,"S,P",TIMEOUT,timeout,600.006119966507,4.634728988229636,1.0,33.94914613498031,0.00804390013217926,240.84170929006936,1.7289490519659823,0.6931471805599453,3.553894037336464,0.008011720419260125,5.488283418301292,30.0,True,26
milp13,milp13,sweep_all,mlp_relu.milp.exact_radius,neuralsat,S,UNSAT,solved,543.1354768276215,4.634728988229636,1.0,33.94914613498031,0.00804390013217926,240.84170929006936,1.7289490519659823,0.6931471805599453,3.553894037336464,0.008011720419260125,5.488283418301292,30.0,True,26
milp13,milp13,sweep_all,mlp_relu.milp.exact_radius,nnenum,"R,P",UNSAT,solved,169.7692255973816,4.634728988229636,1.0,33.94914613498031,0.00804390013217926,240.84170929006936,1.7289490519659823,0.6931471805599453,3.553894037336464,0.008011720419260125,5.488283418301292,30.0,True,26
milp13,milp13,sweep_all,mlp_relu.milp.exact_radius,pyrat,D,UNKNOWN,other,32.010910987854004,4.634728988229636,1.0,33.94914613498031,0.00804390013217926,240.84170929006936,1.7289490519659823,0.6931471805599453,3.553894037336464,0.008011720419260125,5.488283418301292,30.0,True,26
milp14,milp14,sweep_all,mlp_relu.milp.exact_radius,abcrown,"D,P",TIMEOUT,timeout,29.627521991729736,4.634728988229636,1.0,33.909732765441596,0.006822690367698669,283.77446306199937,1.7289490519659823,0.6931471805599453,3.552765666130372,0.006799521140381314,5.651697509302675,30.0,True,27
milp14,milp14,sweep_all,mlp_relu.milp.exact_radius,marabou,"S,P",SAT,counterexample,82.67282748222351,4.634728988229636,1.0,33.909732765441596,0.006822690367698669,283.77446306199937,1.7289490519659823,0.6931471805599453,3.552765666130372,0.006799521140381314,5.651697509302675,30.0,True,27
milp14,milp14,sweep_all,mlp_relu.milp.exact_radius,neuralsat,S,ERROR,error,89.51616883277893,4.634728988229636,1.0,33.909732765441596,0.006822690367698669,283.77446306199937,1.7289490519659823,0.6931471805599453,3.552765666130372,0.006799521140381314,5.651697509302675,30.0,True,27
milp14,milp14,sweep_all,mlp_relu.milp.exact_radius,nnenum,"R,P",UNSAT,solved,146.03988313674927,4.634728988229636,1.0,33.909732765441596,0.006822690367698669,283.77446306199937,1.7289490519659823,0.6931471805599453,3.552765666130372,0.006799521140381314,5.651697509302675,30.0,True,27
milp14,milp14,sweep_all,mlp_relu.milp.exact_radius,pyrat,D,UNKNOWN,other,32.18613028526306,4.634728988229636,1.0,33.909732765441596,0.006822690367698669,283.77446306199937,1.7289490519659823,0.6931471805599453,3.552765666130372,0.006799521140381314,5.651697509302675,30.0,True,27
milp15,milp15,sweep_all,mlp_relu.milp.exact_radius,abcrown,"D,P",UNSAT,solved,7.105019807815552,4.330733340286331,0.3333333333333333,31.84623704644745,0.013059407472610474,9.710306456795342,1.6734888160092363,0.2876820724517809,3.491837188793896,0.012974868633476626,2.3712064981301464,30.0,True,28
milp15,milp15,sweep_all,mlp_relu.milp.exact_radius,marabou,"S,P",UNSAT,solved,0.019572019577026367,4.330733340286331,0.3333333333333333,31.84623704644745,0.013059407472610474,9.710306456795342,1.6734888160092363,0.2876820724517809,3.491837188793896,0.012974868633476626,2.3712064981301464,30.0,True,28
milp15,milp15,sweep_all,mlp_relu.milp.exact_radius,neuralsat,S,UNSAT,solved,81.7155454158783,4.330733340286331,0.3333333333333333,31.84623704644745,0.013059407472610474,9.710306456795342,1.6734888160092363,0.2876820724517809,3.491837188793896,0.012974868633476626,2.3712064981301464,30.0,True,28
milp15,milp15,sweep_all,mlp_relu.milp.exact_radius,nnenum,"R,P",UNSAT,solved,1.4263334274291992,4.330733340286331,0.3333333333333333,31.84623704644745,0.013059407472610474,9.710306456795342,1.6734888160092363,0.2876820724517809,3.491837188793896,0.012974868633476626,2.3712064981301464,30.0,True,28
milp15,milp15,sweep_all,mlp_relu.milp.exact_radius,pyrat,D,UNSAT,solved,3.787421226501465,4.330733340286331,0.3333333333333333,31.84623704644745,0.013059407472610474,9.710306456795342,1.6734888160092363,0.2876820724517809,3.491837188793896,0.012974868633476626,2.3712064981301464,30.0,True,28
milp16,milp16,sweep_all,mlp_relu.milp.exact_radius,abcrown,"D,P",UNSAT,solved,7.852765321731567,4.51085950651685,0.6666666666666666,31.96851558236291,0.004390209913253784,64.91766736918305,1.7067206012930416,0.5108256237659906,3.495553032787165,0.0043806010547183345,4.188406499192101,30.0,True,29
milp16,milp16,sweep_all,mlp_relu.milp.exact_radius,marabou,"S,P",UNSAT,solved,0.8014917373657227,4.51085950651685,0.6666666666666666,31.96851558236291,0.004390209913253784,64.91766736918305,1.7067206012930416,0.5108256237659906,3.495553032787165,0.0043806010547183345,4.188406499192101,30.0,True,29
milp16,milp16,sweep_all,mlp_relu.milp.exact_radius,neuralsat,S,UNSAT,solved,86.68623161315918,4.51085950651685,0.6666666666666666,31.96851558236291,0.004390209913253784,64.91766736918305,1.7067206012930416,0.5108256237659906,3.495553032787165,0.0043806010547183345,4.188406499192101,30.0,True,29
milp16,milp16,sweep_all,mlp_relu.milp.exact_radius,nnenum,"R,P",UNSAT,solved,1.8343124389648438,4.51085950651685,0.6666666666666666,31.96851558236291,0.004390209913253784,64.91766736918305,1.7067206012930416,0.5108256237659906,3.495553032787165,0.0043806010547183345,4.188406499192101,30.0,True,29
milp16,milp16,sweep_all,mlp_relu.milp.exact_radius,pyrat,D,UNSAT,solved,4.160041809082031,4.51085950651685,0.6666666666666666,31.96851558236291,0.004390209913253784,64.91766736918305,1.7067206012930416,0.5108256237659906,3.495553032787165,0.0043806010547183345,4.188406499192101,30.0,True,29
milp17,milp17,sweep_all,mlp_relu.milp.exact_radius,abcrown,"D,P",UNSAT,solved,9.058955430984497,4.382026634673881,0.7333333333333333,32.04930752226021,0.003018990159034729,107.93435369399286,1.6830650011356274,0.550046336919272,3.4980006136503596,0.0030144421595225557,4.690745441109789,30.0,True,30
milp17,milp17,sweep_all,mlp_relu.milp.exact_radius,marabou,"S,P",UNSAT,solved,2.524588108062744,4.382026634673881,0.7333333333333333,32.04930752226021,0.003018990159034729,107.93435369399286,1.6830650011356274,0.550046336919272,3.4980006136503596,0.0030144421595225557,4.690745441109789,30.0,True,30
milp17,milp17,sweep_all,mlp_relu.milp.exact_radius,neuralsat,S,UNSAT,solved,84.5818521976471,4.382026634673881,0.7333333333333333,32.04930752226021,0.003018990159034729,107.93435369399286,1.6830650011356274,0.550046336919272,3.4980006136503596,0.0030144421595225557,4.690745441109789,30.0,True,30
milp17,milp17,sweep_all,mlp_relu.milp.exact_radius,nnenum,"R,P",UNSAT,solved,1.940579891204834,4.382026634673881,0.7333333333333333,32.04930752226021,0.003018990159034729,107.93435369399286,1.6830650011356274,0.550046336919272,3.4980006136503596,0.0030144421595225557,4.690745441109789,30.0,True,30
milp17,milp17,sweep_all,mlp_relu.milp.exact_radius,pyrat,D,UNSAT,solved,5.149338245391846,4.382026634673881,0.7333333333333333,32.04930752226021,0.003018990159034729,107.93435369399286,1.6830650011356274,0.550046336919272,3.4980006136503596,0.0030144421595225557,4.690745441109789,30.0,True,30
milp18,milp18,sweep_all,mlp_relu.milp.exact_radius,abcrown,"D,P",UNSAT,solved,8.959893703460693,4.394449154672439,0.7333333333333333,32.10356622198843,0.0028813332319259644,114.54960355555461,1.6853704905634923,0.550046336919272,3.499641017424961,0.0028771901478252286,4.749699905780316,30.0,True,31
milp18,milp18,sweep_all,mlp_relu.milp.exact_radius,marabou,"S,P",UNSAT,solved,3.2745656967163086,4.394449154672439,0.7333333333333333,32.10356622198843,0.0028813332319259644,114.54960355555461,1.6853704905634923,0.550046336919272,3.499641017424961,0.0028771901478252286,4.749699905780316,30.0,True,31
milp18,milp18,sweep_all,mlp_relu.milp.exact_radius,neuralsat,S,UNSAT,solved,72.78581213951111,4.394449154672439,0.7333333333333333,32.10356622198843,0.0028813332319259644,114.54960355555461,1.6853704905634923,0.550046336919272,3.499641017424961,0.0028771901478252286,4.749699905780316,30.0,True,31
milp18,milp18,sweep_all,mlp_relu.milp.exact_radius,nnenum,"R,P",UNSAT,solved,2.050635576248169,4.394449154672439,0.7333333333333333,32.10356622198843,0.0028813332319259644,114.54960355555461,1.6853704905634923,0.550046336919272,3.499641017424961,0.0028771901478252286,4.749699905780316,30.0,True,31
milp18,milp18,sweep_all,mlp_relu.milp.exact_radius,pyrat,D,UNSAT,solved,6.4115588665008545,4.394449154672439,0.7333333333333333,32.10356622198843,0.0028813332319259644,114.54960355555461,1.6853704905634923,0.550046336919272,3.499641017424961,0.0028771901478252286,4.749699905780316,30.0,True,31
milp19,milp19,sweep_all,mlp_relu.milp.exact_radius,abcrown,"D,P",UNSAT,solved,9.178461074829102,4.5217885770490405,0.7333333333333333,32.08440208664193,0.002877950668334961,114.8338993884808,1.7087018253879918,0.550046336919272,3.499061935263301,0.002873817296837418,4.752157263131825,30.0,True,32
milp19,milp19,sweep_all,mlp_relu.milp.exact_radius,marabou,"S,P",UNSAT,solved,3.387456178665161,4.5217885770490405,0.7333333333333333,32.08440208664193,0.002877950668334961,114.8338993884808,1.7087018253879918,0.550046336919272,3.499061935263301,0.002873817296837418,4.752157263131825,30.0,True,32
milp19,milp19,sweep_all,mlp_relu.milp.exact_radius,neuralsat,S,UNSAT,solved,71.33391284942627,4.5217885770490405,0.7333333333333333,32.08440208664193,0.002877950668334961,114.8338993884808,1.7087018253879918,0.550046336919272,3.499061935263301,0.002873817296837418,4.752157263131825,30.0,True,32
milp19,milp19,sweep_all,mlp_relu.milp.exact_radius,nnenum,"R,P",UNSAT,solved,1.886690378189087,4.5217885770490405,0.7333333333333333,32.08440208664193,0.002877950668334961,114.8338993884808,1.7087018253879918,0.550046336919272,3.499061935263301,0.002873817296837418,4.752157263131825,30.0,True,32
milp19,milp19,sweep_all,mlp_relu.milp.exact_radius,pyrat,D,UNSAT,solved,6.33768892288208,4.5217885770490405,0.7333333333333333,32.08440208664193,0.002877950668334961,114.8338993884808,1.7087018253879918,0.550046336919272,3.499061935263301,0.002873817296837418,4.752157263131825,30.0,True,32
milp20,milp20,sweep_all,mlp_relu.milp.exact_radius,abcrown,"D,P",TIMEOUT,timeout,9.32926058769226,4.418840607796598,0.7333333333333333,32.10232022915972,0.00286787748336792,115.24888284456915,1.68988188256892,0.550046336919272,3.499603377483994,0.002863772968362949,4.7557334344821,30.0,True,33
milp20,milp20,sweep_all,mlp_relu.milp.exact_radius,marabou,"S,P",SAT,counterexample,0.9934942722320557,4.418840607796598,0.7333333333333333,32.10232022915972,0.00286787748336792,115.24888284456915,1.68988188256892,0.550046336919272,3.499603377483994,0.002863772968362949,4.7557334344821,30.0,True,33
milp20,milp20,sweep_all,mlp_relu.milp.exact_radius,neuralsat,S,UNSAT,solved,85.27792263031006,4.418840607796598,0.7333333333333333,32.10232022915972,0.00286787748336792,115.24888284456915,1.68988188256892,0.550046336919272,3.499603377483994,0.002863772968362949,4.7557334344821,30.0,True,33
milp20,milp20,sweep_all,mlp_relu.milp.exact_radius,nnenum,"R,P",UNSAT,solved,2.0360889434814453,4.418840607796598,0.7333333333333333,32.10232022915972,0.00286787748336792,115.24888284456915,1.68988188256892,0.550046336919272,3.499603377483994,0.002863772968362949,4.7557334344821,30.0,True,33
milp20,milp20,sweep_all,mlp_relu.milp.exact_radius,pyrat,D,UNSAT,solved,6.82781195640564,4.418840607796598,0.7333333333333333,32.10232022915972,0.00286787748336792,115.24888284456915,1.68988188256892,0.550046336919272,3.499603377483994,0.002863772968362949,4.7557334344821,30.0,True,33
milp21,milp21,sweep_all,mlp_relu.milp.exact_radius,abcrown,"D,P",TIMEOUT,timeout,9.033778667449951,4.454347296253507,0.7333333333333333,32.08402098658336,0.002866089344024658,115.32180509650038,1.696412959743625,0.550046336919272,3.4990504161718405,0.002861989940929764,4.756360532032239,30.0,True,34
milp21,milp21,sweep_all,mlp_relu.milp.exact_radius,marabou,"S,P",SAT,counterexample,0.7291431427001953,4.454347296253507,0.7333333333333333,32.08402098658336,0.002866089344024658,115.32180509650038,1.696412959743625,0.550046336919272,3.4990504161718405,0.002861989940929764,4.756360532032239,30.0,True,34
milp21,milp21,sweep_all,mlp_relu.milp.exact_radius,neuralsat,S,UNSAT,solved,70.22551727294922,4.454347296253507,0.7333333333333333,32.08402098658336,0.002866089344024658,115.32180509650038,1.696412959743625,0.550046336919272,3.4990504161718405,0.002861989940929764,4.756360532032239,30.0,True,34
milp21,milp21,sweep_all,mlp_relu.milp.exact_radius,nnenum,"R,P",SAT,counterexample,1.7905943393707275,4.454347296253507,0.7333333333333333,32.08402098658336,0.002866089344024658,115.32180509650038,1.696412959743625,0.550046336919272,3.4990504161718405,0.002861989940929764,4.756360532032239,30.0,True,34
milp21,milp21,sweep_all,mlp_relu.milp.exact_radius,pyrat,D,UNKNOWN,other,6.345615863800049,4.454347296253507,0.7333333333333333,32.08402098658336,0.002866089344024658,115.32180509650038,1.696412959743625,0.550046336919272,3.4990504161718405,0.002861989940929764,4.756360532032239,30.0,True,34
milp22,milp22,sweep_all,mlp_relu.milp.exact_radius,abcrown,"D,P",UNSAT,solved,8.34046745300293,2.8903717578961645,1.0,36.586364343444274,0.012558043003082275,19.688257928366863,1.358504720646626,0.6931471805599453,3.6266413341819637,0.012479844778257882,3.029566289486917,10.0,True,35
milp22,milp22,sweep_all,mlp_relu.milp.exact_radius,marabou,"S,P",UNSAT,solved,0.02359628677368164,2.8903717578961645,1.0,36.586364343444274,0.012558043003082275,19.688257928366863,1.358504720646626,0.6931471805599453,3.6266413341819637,0.012479844778257882,3.029566289486917,10.0,True,35
milp22,milp22,sweep_all,mlp_relu.milp.exact_radius,neuralsat,S,UNSAT,solved,67.55035948753357,2.8903717578961645,1.0,36.586364343444274,0.012558043003082275,19.688257928366863,1.358504720646626,0.6931471805599453,3.6266413341819637,0.012479844778257882,3.029566289486917,10.0,True,35
milp22,milp22,sweep_all,mlp_relu.milp.exact_radius,nnenum,"R,P",UNSAT,solved,1.5105540752410889,2.8903717578961645,1.0,36.586364343444274,0.012558043003082275,19.688257928366863,1.358504720646626,0.6931471805599453,3.6266413341819637,0.012479844778257882,3.029566289486917,10.0,True,35
milp22,milp22,sweep_all,mlp_relu.milp.exact_radius,pyrat,D,UNSAT,solved,3.8000969886779785,2.8903717578961645,1.0,36.586364343444274,0.012558043003082275,19.688257928366863,1.358504720646626,0.6931471805599453,3.6266413341819637,0.012479844778257882,3.029566289486917,10.0,True,35
milp23,milp23,sweep_all,mlp_relu.milp.exact_radius,abcrown,"D,P",UNSAT,solved,10.239332675933838,3.258096538021482,1.0,32.37961375045327,0.011093273758888245,85.95621640233294,1.448822238365871,0.6931471805599453,3.5079453468801405,0.011032194693611478,4.465404732233597,20.0,True,36
milp23,milp23,sweep_all,mlp_relu.milp.exact_radius,marabou,"S,P",UNSAT,solved,0.6278131008148193,3.258096538021482,1.0,32.37961375045327,0.011093273758888245,85.95621640233294,1.448822238365871,0.6931471805599453,3.5079453468801405,0.011032194693611478,4.465404732233597,20.0,True,36
milp23,milp23,sweep_all,mlp_relu.milp.exact_radius,neuralsat,S,UNSAT,solved,86.66572952270508,3.258096538021482,1.0,32.37961375045327,0.011093273758888245,85.95621640233294,1.448822238365871,0.6931471805599453,3.5079453468801405,0.011032194693611478,4.465404732233597,20.0,True,36
milp23,milp23,sweep_all,mlp_relu.milp.exact_radius,nnenum,"R,P",UNSAT,solved,2.0224099159240723,3.258096538021482,1.0,32.37961375045327,0.011093273758888245,85.95621640233294,1.448822238365871,0.6931471805599453,3.5079453468801405,0.011032194693611478,4.465404732233597,20.0,True,36
milp23,milp23,sweep_all,mlp_relu.milp.exact_radius,pyrat,D,UNSAT,solved,4.44949197769165,3.258096538021482,1.0,32.37961375045327,0.011093273758888245,85.95621640233294,1.448822238365871,0.6931471805599453,3.5079453468801405,0.011032194693611478,4.465404732233597,20.0,True,36
milp24,milp24,sweep_all,mlp_relu.milp.exact_radius,abcrown,"D,P",UNSAT,solved,48.224714517593384,5.472270673671475,1.0,32.890956031301506,0.0034487247467041016,933.1890422458293,1.867527001142399,0.6931471805599453,3.523148195055874,0.003442791532948997,6.839678818440052,40.0,True,37
milp24,milp24,sweep_all,mlp_relu.milp.exact_radius,marabou,"S,P",TIMEOUT,timeout,600.0056521892548,5.472270673671475,1.0,32.890956031301506,0.0034487247467041016,933.1890422458293,1.867527001142399,0.6931471805599453,3.523148195055874,0.003442791532948997,6.839678818440052,40.0,True,37
milp24,milp24,sweep_all,mlp_relu.milp.exact_radius,neuralsat,S,UNSAT,solved,145.89815759658813,5.472270673671475,1.0,32.890956031301506,0.0034487247467041016,933.1890422458293,1.867527001142399,0.6931471805599453,3.523148195055874,0.003442791532948997,6.839678818440052,40.0,True,37
milp24,milp24,sweep_all,mlp_relu.milp.exact_radius,nnenum,"R,P",TIMEOUT,timeout,600.0271217823029,5.472270673671475,1.0,32.890956031301506,0.0034487247467041016,933.1890422458293,1.867527001142399,0.6931471805599453,3.523148195055874,0.003442791532948997,6.839678818440052,40.0,True,37
milp24,milp24,sweep_all,mlp_relu.milp.exact_radius,pyrat,D,UNSAT,solved,115.17707109451294,5.472270673671475,1.0,32.890956031301506,0.0034487247467041016,933.1890422458293,1.867527001142399,0.6931471805599453,3.523148195055874,0.003442791532948997,6.839678818440052,40.0,True,37
milp25,milp25,sweep_all,mlp_relu.milp.exact_radius,abcrown,"D,P",TIMEOUT,timeout,600.1086127758026,5.631211781821365,0.91,34.50219322256036,0.00027951598167419434,7413.763381089176,1.8917875600189848,0.6471032420585385,3.569594475490201,0.00027947692436011484,8.911228343218525,100.0,True,38
milp25,milp25,sweep_all,mlp_relu.milp.exact_radius,marabou,"S,P",TIMEOUT,timeout,600.0088839530945,5.631211781821365,0.91,34.50219322256036,0.00027951598167419434,7413.763381089176,1.8917875600189848,0.6471032420585385,3.569594475490201,0.00027947692436011484,8.911228343218525,100.0,True,38
milp25,milp25,sweep_all,mlp_relu.milp.exact_radius,neuralsat,S,TIMEOUT,timeout,601.0258646011353,5.631211781821365,0.91,34.50219322256036,0.00027951598167419434,7413.763381089176,1.8917875600189848,0.6471032420585385,3.569594475490201,0.00027947692436011484,8.911228343218525,100.0,True,38
milp25,milp25,sweep_all,mlp_relu.milp.exact_radius,nnenum,"R,P",TIMEOUT,timeout,600.0695691108704,5.631211781821365,0.91,34.50219322256036,0.00027951598167419434,7413.763381089176,1.8917875600189848,0.6471032420585385,3.569594475490201,0.00027947692436011484,8.911228343218525,100.0,True,38
milp25,milp25,sweep_all,mlp_relu.milp.exact_radius,pyrat,D,TIMEOUT,timeout,600.0178711414337,5.631211781821365,0.91,34.50219322256036,0.00027951598167419434,7413.763381089176,1.8917875600189848,0.6471032420585385,3.569594475490201,0.00027947692436011484,8.911228343218525,100.0,True,38
milp26,milp26,sweep_all,mlp_relu.milp.exact_radius,abcrown,"D,P",TIMEOUT,timeout,600.1108083724976,6.391917113392602,0.96,31.894669170678267,0.0015424266457557678,3529.9434768753845,2.0003871212614466,0.6729444732424258,3.4933106133564644,0.0015412383275491771,8.169320388118411,200.0,True,39
milp26,milp26,sweep_all,mlp_relu.milp.exact_radius,marabou,"S,P",TIMEOUT,timeout,600.0105152130127,6.391917113392602,0.96,31.894669170678267,0.0015424266457557678,3529.9434768753845,2.0003871212614466,0.6729444732424258,3.4933106133564644,0.0015412383275491771,8.169320388118411,200.0,True,39
milp26,milp26,sweep_all,mlp_relu.milp.exact_radius,neuralsat,S,SAT,counterexample,23.8552935123444,6.391917113392602,0.96,31.894669170678267,0.0015424266457557678,3529.9434768753845,2.0003871212614466,0.6729444732424258,3.4933106133564644,0.0015412383275491771,8.169320388118411,200.0,True,39
milp26,milp26,sweep_all,mlp_relu.milp.exact_radius,nnenum,"R,P",TIMEOUT,timeout,600.0794320106506,6.391917113392602,0.96,31.894669170678267,0.0015424266457557678,3529.9434768753845,2.0003871212614466,0.6729444732424258,3.4933106133564644,0.0015412383275491771,8.169320388118411,200.0,True,39
milp26,milp26,sweep_all,mlp_relu.milp.exact_radius,pyrat,D,TIMEOUT,timeout,600.0306088924408,6.391917113392602,0.96,31.894669170678267,0.0015424266457557678,3529.9434768753845,2.0003871212614466,0.6729444732424258,3.4933106133564644,0.0015412383275491771,8.169320388118411,200.0,True,39
milp27,milp27,sweep_all,mlp_relu.milp.exact_radius,abcrown,"D,P",UNSAT,solved,17.325659036636353,4.1588830833596715,0.9,32.38337729603681,0.029943853616714478,100.4026289119283,1.6407200993500939,0.6418538861723948,3.5080580903485963,0.02950428970402951,4.619099016974145,10.0,True,40
milp27,milp27,sweep_all,mlp_relu.milp.exact_radius,marabou,"S,P",UNSAT,solved,0.2382972240447998,4.1588830833596715,0.9,32.38337729603681,0.029943853616714478,100.4026289119283,1.6407200993500939,0.6418538861723948,3.5080580903485963,0.02950428970402951,4.619099016974145,10.0,True,40
milp27,milp27,sweep_all,mlp_relu.milp.exact_radius,neuralsat,S,UNSAT,solved,73.18261766433716,4.1588830833596715,0.9,32.38337729603681,0.029943853616714478,100.4026289119283,1.6407200993500939,0.6418538861723948,3.5080580903485963,0.02950428970402951,4.619099016974145,10.0,True,40
milp27,milp27,sweep_all,mlp_relu.milp.exact_radius,nnenum,"R,P",UNSAT,solved,2.2234902381896973,4.1588830833596715,0.9,32.38337729603681,0.029943853616714478,100.4026289119283,1.6407200993500939,0.6418538861723948,3.5080580903485963,0.02950428970402951,4.619099016974145,10.0,True,40
milp27,milp27,sweep_all,mlp_relu.milp.exact_radius,pyrat,D,UNSAT,solved,5.065708160400391,4.1588830833596715,0.9,32.38337729603681,0.029943853616714478,100.4026289119283,1.6407200993500939,0.6418538861723948,3.5080580903485963,0.02950428970402951,4.619099016974145,10.0,True,40
milp28,milp28,sweep_all,mlp_relu.milp.exact_radius,abcrown,"D,P",UNSAT,solved,45.01527285575867,5.170483995038151,1.0,35.46123706447593,0.1024307906627655,17.270038437344034,1.8197772781208725,0.6931471805599453,3.5962496980352125,0.09751755145938071,2.9052624742379503,20.0,True,41
milp28,milp28,sweep_all,mlp_relu.milp.exact_radius,marabou,"S,P",UNSAT,solved,1.1536140441894531,5.170483995038151,1.0,35.46123706447593,0.1024307906627655,17.270038437344034,1.8197772781208725,0.6931471805599453,3.5962496980352125,0.09751755145938071,2.9052624742379503,20.0,True,41
milp28,milp28,sweep_all,mlp_relu.milp.exact_radius,neuralsat,S,UNSAT,solved,74.6581883430481,5.170483995038151,1.0,35.46123706447593,0.1024307906627655,17.270038437344034,1.8197772781208725,0.6931471805599453,3.5962496980352125,0.09751755145938071,2.9052624742379503,20.0,True,41
milp28,milp28,sweep_all,mlp_relu.milp.exact_radius,nnenum,"R,P",UNSAT,solved,2.196329116821289,5.170483995038151,1.0,35.46123706447593,0.1024307906627655,17.270038437344034,1.8197772781208725,0.6931471805599453,3.5962496980352125,0.09751755145938071,2.9052624742379503,20.0,True,41
milp28,milp28,sweep_all,mlp_relu.milp.exact_radius,pyrat,D,UNKNOWN,other,14.805612087249756,5.170483995038151,1.0,35.46123706447593,0.1024307906627655,17.270038437344034,1.8197772781208725,0.6931471805599453,3.5962496980352125,0.09751755145938071,2.9052624742379503,20.0,True,41
milp29,milp29,sweep_all,mlp_relu.milp.exact_radius,abcrown,"D,P",UNSAT,solved,21.362701654434204,3.4339872044851463,0.85,34.13800680958666,0.005357801914215088,115.53966556599323,1.4892992254175486,0.6151856390902335,3.5592833597383544,0.0053434999555034175,4.758231692017943,40.0,True,42
milp29,milp29,sweep_all,mlp_relu.milp.exact_radius,marabou,"S,P",UNSAT,solved,22.45360803604126,3.4339872044851463,0.85,34.13800680958666,0.005357801914215088,115.53966556599323,1.4892992254175486,0.6151856390902335,3.5592833597383544,0.0053434999555034175,4.758231692017943,40.0,True,42
milp29,milp29,sweep_all,mlp_relu.milp.exact_radius,neuralsat,S,UNSAT,solved,72.70149946212769,3.4339872044851463,0.85,34.13800680958666,0.005357801914215088,115.53966556599323,1.4892992254175486,0.6151856390902335,3.5592833597383544,0.0053434999555034175,4.758231692017943,40.0,True,42
milp29,milp29,sweep_all,mlp_relu.milp.exact_radius,nnenum,"R,P",UNSAT,solved,2.3224549293518066,3.4339872044851463,0.85,34.13800680958666,0.005357801914215088,115.53966556599323,1.4892992254175486,0.6151856390902335,3.5592833597383544,0.0053434999555034175,4.758231692017943,40.0,True,42
milp29,milp29,sweep_all,mlp_relu.milp.exact_radius,pyrat,D,UNSAT,solved,7.307383060455322,3.4339872044851463,0.85,34.13800680958666,0.005357801914215088,115.53966556599323,1.4892992254175486,0.6151856390902335,3.5592833597383544,0.0053434999555034175,4.758231692017943,40.0,True,42
milp30,milp30,sweep_all,mlp_relu.milp.exact_radius,abcrown,"D,P",TIMEOUT,timeout,600.1206541061401,4.51085950651685,0.87,30.153651989109218,0.0032888799905776978,689.0651522735752,1.7067206012930416,0.6259384308664953,3.4389314771772344,0.003283483453918516,6.536786016718571,100.0,True,43
milp30,milp30,sweep_all,mlp_relu.milp.exact_radius,marabou,"S,P",TIMEOUT,timeout,600.0099158287048,4.51085950651685,0.87,30.153651989109218,0.0032888799905776978,689.0651522735752,1.7067206012930416,0.6259384308664953,3.4389314771772344,0.003283483453918516,6.536786016718571,100.0,True,43
milp30,milp30,sweep_all,mlp_relu.milp.exact_radius,neuralsat,S,UNSAT,solved,210.4487166404724,4.51085950651685,0.87,30.153651989109218,0.0032888799905776978,689.0651522735752,1.7067206012930416,0.6259384308664953,3.4389314771772344,0.003283483453918516,6.536786016718571,100.0,True,43
milp30,milp30,sweep_all,mlp_relu.milp.exact_radius,nnenum,"R,P",TIMEOUT,timeout,600.0246772766113,4.51085950651685,0.87,30.153651989109218,0.0032888799905776978,689.0651522735752,1.7067206012930416,0.6259384308664953,3.4389314771772344,0.003283483453918516,6.536786016718571,100.0,True,43
milp30,milp30,sweep_all,mlp_relu.milp.exact_radius,pyrat,D,TIMEOUT,timeout,600.0241131782532,4.51085950651685,0.87,30.153651989109218,0.0032888799905776978,689.0651522735752,1.7067206012930416,0.6259384308664953,3.4389314771772344,0.003283483453918516,6.536786016718571,100.0,True,43
milp31,milp31,sweep_all,mlp_relu.milp.exact_radius,abcrown,"D,P",TIMEOUT,timeout,600.1189596652985,3.5263605246161616,0.705,30.675272939784197,4.272162914276123e-05,52156.0821415642,1.5099182003836584,0.5335651107354801,3.4555363430535566,4.272071659995304e-05,10.862015254498308,200.0,True,44
milp31,milp31,sweep_all,mlp_relu.milp.exact_radius,marabou,"S,P",TIMEOUT,timeout,600.0092008113861,3.5263605246161616,0.705,30.675272939784197,4.272162914276123e-05,52156.0821415642,1.5099182003836584,0.5335651107354801,3.4555363430535566,4.272071659995304e-05,10.862015254498308,200.0,True,44
milp31,milp31,sweep_all,mlp_relu.milp.exact_radius,neuralsat,S,UNSAT,solved,193.79514408111572,3.5263605246161616,0.705,30.675272939784197,4.272162914276123e-05,52156.0821415642,1.5099182003836584,0.5335651107354801,3.4555363430535566,4.272071659995304e-05,10.862015254498308,200.0,True,44
milp31,milp31,sweep_all,mlp_relu.milp.exact_radius,nnenum,"R,P",TIMEOUT,timeout,600.0574791431427,3.5263605246161616,0.705,30.675272939784197,4.272162914276123e-05,52156.0821415642,1.5099182003836584,0.5335651107354801,3.4555363430535566,4.272071659995304e-05,10.862015254498308,200.0,True,44
milp31,milp31,sweep_all,mlp_relu.milp.exact_radius,pyrat,D,UNSAT,solved,99.19239020347595,3.5263605246161616,0.705,30.675272939784197,4.272162914276123e-05,52156.0821415642,1.5099182003836584,0.5335651107354801,3.4555363430535566,4.272071659995304e-05,10.862015254498308,200.0,True,44
rc1,rc1,sweep_all,mlp_relu.corners,abcrown,"D,P",UNSAT,solved,30.215054750442505,0.0,1.0,0.0,4.0,2.6822090148919074e-07,0.0,0.6931471805599453,0.0,1.6094379124341003,2.682208655179712e-07,16.0,True,45
rc1,rc1,sweep_all,mlp_relu.corners,marabou,"S,P",UNSAT,solved,0.01638340950012207,0.0,1.0,0.0,4.0,2.6822090148919074e-07,0.0,0.6931471805599453,0.0,1.6094379124341003,2.682208655179712e-07,16.0,True,45
rc1,rc1,sweep_all,mlp_relu.corners,neuralsat,S,UNSAT,solved,70.71774864196777,0.0,1.0,0.0,4.0,2.6822090148919074e-07,0.0,0.6931471805599453,0.0,1.6094379124341003,2.682208655179712e-07,16.0,True,45
rc1,rc1,sweep_all,mlp_relu.corners,nnenum,"R,P",ERROR,error,1.4925799369812012,0.0,1.0,0.0,4.0,2.6822090148919074e-07,0.0,0.6931471805599453,0.0,1.6094379124341003,2.682208655179712e-07,16.0,True,45
rc1,rc1,sweep_all,mlp_relu.corners,pyrat,D,UNSAT,solved,14.396323919296265,0.0,1.0,0.0,4.0,2.6822090148919074e-07,0.0,0.6931471805599453,0.0,1.6094379124341003,2.682208655179712e-07,16.0,True,45
rc2,rc2,sweep_all,mlp_relu.corners,abcrown,"D,P",UNSAT,solved,28.01142144203186,0.0,1.0,0.0,4.0,0.0,0.0,0.6931471805599453,0.0,1.6094379124341003,0.0,16.0,True,46
rc2,rc2,sweep_all,mlp_relu.corners,marabou,"S,P",UNSAT,solved,0.008880615234375,0.0,1.0,0.0,4.0,0.0,0.0,0.6931471805599453,0.0,1.6094379124341003,0.0,16.0,True,46
rc2,rc2,sweep_all,mlp_relu.corners,neuralsat,S,UNSAT,solved,83.71447896957397,0.0,1.0,0.0,4.0,0.0,0.0,0.6931471805599453,0.0,1.6094379124341003,0.0,16.0,True,46
rc2,rc2,sweep_all,mlp_relu.corners,nnenum,"R,P",ERROR,error,1.4665765762329102,0.0,1.0,0.0,4.0,0.0,0.0,0.6931471805599453,0.0,1.6094379124341003,0.0,16.0,True,46
rc2,rc2,sweep_all,mlp_relu.corners,pyrat,D,UNSAT,solved,10.908435106277466,0.0,1.0,0.0,4.0,0.0,0.0,0.6931471805599453,0.0,1.6094379124341003,0.0,16.0,True,46
rc3,rc3,sweep_all,mlp_relu.corners,abcrown,"D,P",UNSAT,solved,27.72990846633911,0.0,1.0,0.0,4.0,0.0,0.0,0.6931471805599453,0.0,1.6094379124341003,0.0,16.0,True,47
rc3,rc3,sweep_all,mlp_relu.corners,marabou,"S,P",UNSAT,solved,0.009976863861083984,0.0,1.0,0.0,4.0,0.0,0.0,0.6931471805599453,0.0,1.6094379124341003,0.0,16.0,True,47
rc3,rc3,sweep_all,mlp_relu.corners,neuralsat,S,UNSAT,solved,71.02202486991882,0.0,1.0,0.0,4.0,0.0,0.0,0.6931471805599453,0.0,1.6094379124341003,0.0,16.0,True,47
rc3,rc3,sweep_all,mlp_relu.corners,nnenum,"R,P",ERROR,error,1.4492192268371582,0.0,1.0,0.0,4.0,0.0,0.0,0.6931471805599453,0.0,1.6094379124341003,0.0,16.0,True,47
rc3,rc3,sweep_all,mlp_relu.corners,pyrat,D,UNSAT,solved,14.432899951934814,0.0,1.0,0.0,4.0,0.0,0.0,0.6931471805599453,0.0,1.6094379124341003,0.0,16.0,True,47
rc4,rc4,sweep_all,mlp_relu.corners,abcrown,"D,P",UNSAT,solved,29.073713064193726,0.0,1.0,0.0,4.0,0.002501994371413559,0.0,0.6931471805599453,0.0,1.6094379124341003,0.002498869594527112,16.0,True,48
rc4,rc4,sweep_all,mlp_relu.corners,marabou,"S,P",UNSAT,solved,0.010036706924438477,0.0,1.0,0.0,4.0,0.002501994371413559,0.0,0.6931471805599453,0.0,1.6094379124341003,0.002498869594527112,16.0,True,48
rc4,rc4,sweep_all,mlp_relu.corners,neuralsat,S,UNSAT,solved,68.01405096054077,0.0,1.0,0.0,4.0,0.002501994371413559,0.0,0.6931471805599453,0.0,1.6094379124341003,0.002498869594527112,16.0,True,48
rc4,rc4,sweep_all,mlp_relu.corners,nnenum,"R,P",ERROR,error,1.5290334224700928,0.0,1.0,0.0,4.0,0.002501994371413559,0.0,0.6931471805599453,0.0,1.6094379124341003,0.002498869594527112,16.0,True,48
rc4,rc4,sweep_all,mlp_relu.corners,pyrat,D,UNSAT,solved,13.935912847518921,0.0,1.0,0.0,4.0,0.002501994371413559,0.0,0.6931471805599453,0.0,1.6094379124341003,0.002498869594527112,16.0,True,48
rc5,rc5,sweep_all,mlp_relu.corners,abcrown,"D,P",UNSAT,solved,28.065550088882446,0.0,1.0,0.0,4.0,0.002352893352507957,0.0,0.6931471805599453,0.0,1.6094379124341003,0.0023501296332526463,16.0,True,49
rc5,rc5,sweep_all,mlp_relu.corners,marabou,"S,P",UNSAT,solved,0.010000228881835938,0.0,1.0,0.0,4.0,0.002352893352507957,0.0,0.6931471805599453,0.0,1.6094379124341003,0.0023501296332526463,16.0,True,49
rc5,rc5,sweep_all,mlp_relu.corners,neuralsat,S,UNSAT,solved,68.57787680625916,0.0,1.0,0.0,4.0,0.002352893352507957,0.0,0.6931471805599453,0.0,1.6094379124341003,0.0023501296332526463,16.0,True,49
rc5,rc5,sweep_all,mlp_relu.corners,nnenum,"R,P",ERROR,error,1.6259181499481201,0.0,1.0,0.0,4.0,0.002352893352507957,0.0,0.6931471805599453,0.0,1.6094379124341003,0.0023501296332526463,16.0,True,49
rc5,rc5,sweep_all,mlp_relu.corners,pyrat,D,UNSAT,solved,14.020295143127441,0.0,1.0,0.0,4.0,0.002352893352507957,0.0,0.6931471805599453,0.0,1.6094379124341003,0.0023501296332526463,16.0,True,49
rc6,rc6,sweep_all,mlp_relu.corners,abcrown,"D,P",UNSAT,solved,29.418824672698975,0.0,1.0,0.0,4.0,0.0024130642414086985,0.0,0.6931471805599453,0.0,1.6094379124341003,0.0024101574770923587,16.0,True,50
rc6,rc6,sweep_all,mlp_relu.corners,marabou,"S,P",UNSAT,solved,0.010061025619506836,0.0,1.0,0.0,4.0,0.0024130642414086985,0.0,0.6931471805599453,0.0,1.6094379124341003,0.0024101574770923587,16.0,True,50
rc6,rc6,sweep_all,mlp_relu.corners,neuralsat,S,UNSAT,solved,83.56617951393127,0.0,1.0,0.0,4.0,0.0024130642414086985,0.0,0.6931471805599453,0.0,1.6094379124341003,0.0024101574770923587,16.0,True,50
rc6,rc6,sweep_all,mlp_relu.corners,nnenum,"R,P",ERROR,error,1.621936559677124,0.0,1.0,0.0,4.0,0.0024130642414086985,0.0,0.6931471805599453,0.0,1.6094379124341003,0.0024101574770923587,16.0,True,50
rc6,rc6,sweep_all,mlp_relu.corners,pyrat,D,UNSAT,solved,5.518282890319824,0.0,1.0,0.0,4.0,0.0024130642414086985,0.0,0.6931471805599453,0.0,1.6094379124341003,0.0024101574770923587,16.0,True,50
rc7,rc7,sweep_all,mlp_relu.corners,abcrown,"D,P",UNSAT,solved,27.554588079452515,0.0,1.0,0.0,4.0,0.25267440080636383,0.0,0.6931471805599453,0.0,1.6094379124341003,0.22528078644436247,16.0,True,51
rc7,rc7,sweep_all,mlp_relu.corners,marabou,"S,P",UNSAT,solved,0.009860038757324219,0.0,1.0,0.0,4.0,0.25267440080636383,0.0,0.6931471805599453,0.0,1.6094379124341003,0.22528078644436247,16.0,True,51
rc7,rc7,sweep_all,mlp_relu.corners,neuralsat,S,UNSAT,solved,82.23792338371277,0.0,1.0,0.0,4.0,0.25267440080636383,0.0,0.6931471805599453,0.0,1.6094379124341003,0.22528078644436247,16.0,True,51
rc7,rc7,sweep_all,mlp_relu.corners,nnenum,"R,P",ERROR,error,1.5499892234802246,0.0,1.0,0.0,4.0,0.25267440080636383,0.0,0.6931471805599453,0.0,1.6094379124341003,0.22528078644436247,16.0,True,51
rc7,rc7,sweep_all,mlp_relu.corners,pyrat,D,UNSAT,solved,4.716279745101929,0.0,1.0,0.0,4.0,0.25267440080636383,0.0,0.6931471805599453,0.0,1.6094379124341003,0.22528078644436247,16.0,True,51
rc8,rc8,sweep_all,mlp_relu.corners,abcrown,"D,P",UNSAT,solved,28.181423664093018,0.0,1.0,0.0,4.0,0.23776564002031103,0.0,0.6931471805599453,0.0,1.6094379124341003,0.2133078510271186,16.0,True,52
rc8,rc8,sweep_all,mlp_relu.corners,marabou,"S,P",UNSAT,solved,0.009702444076538086,0.0,1.0,0.0,4.0,0.23776564002031103,0.0,0.6931471805599453,0.0,1.6094379124341003,0.2133078510271186,16.0,True,52
rc8,rc8,sweep_all,mlp_relu.corners,neuralsat,S,UNSAT,solved,67.05820345878601,0.0,1.0,0.0,4.0,0.23776564002031103,0.0,0.6931471805599453,0.0,1.6094379124341003,0.2133078510271186,16.0,True,52
rc8,rc8,sweep_all,mlp_relu.corners,nnenum,"R,P",ERROR,error,1.5428893566131592,0.0,1.0,0.0,4.0,0.23776564002031103,0.0,0.6931471805599453,0.0,1.6094379124341003,0.2133078510271186,16.0,True,52
rc8,rc8,sweep_all,mlp_relu.corners,pyrat,D,UNSAT,solved,4.542710065841675,0.0,1.0,0.0,4.0,0.23776564002031103,0.0,0.6931471805599453,0.0,1.6094379124341003,0.2133078510271186,16.0,True,52
rc9,rc9,sweep_all,mlp_relu.corners,abcrown,"D,P",UNSAT,solved,27.66299319267273,0.0,1.0,0.0,4.0,0.24378159642213448,0.0,0.6931471805599453,0.0,1.6094379124341003,0.2181564133264854,16.0,True,53
rc9,rc9,sweep_all,mlp_relu.corners,marabou,"S,P",UNSAT,solved,0.009902715682983398,0.0,1.0,0.0,4.0,0.24378159642213448,0.0,0.6931471805599453,0.0,1.6094379124341003,0.2181564133264854,16.0,True,53
rc9,rc9,sweep_all,mlp_relu.corners,neuralsat,S,UNSAT,solved,68.91007542610168,0.0,1.0,0.0,4.0,0.24378159642213448,0.0,0.6931471805599453,0.0,1.6094379124341003,0.2181564133264854,16.0,True,53
rc9,rc9,sweep_all,mlp_relu.corners,nnenum,"R,P",ERROR,error,1.7165920734405518,0.0,1.0,0.0,4.0,0.24378159642213448,0.0,0.6931471805599453,0.0,1.6094379124341003,0.2181564133264854,16.0,True,53
rc9,rc9,sweep_all,mlp_relu.corners,pyrat,D,UNSAT,solved,11.992416858673096,0.0,1.0,0.0,4.0,0.24378159642213448,0.0,0.6931471805599453,0.0,1.6094379124341003,0.2181564133264854,16.0,True,53
rc10,rc10,sweep_all,mlp_relu.corners,abcrown,"D,P",UNSAT,solved,47.76519441604614,0.0,1.0,0.0,4.0,25.26991653441751,0.0,0.6931471805599453,0.0,1.6094379124341003,3.2684244264719027,16.0,True,54
rc10,rc10,sweep_all,mlp_relu.corners,marabou,"S,P",UNSAT,solved,2.1395280361175537,0.0,1.0,0.0,4.0,25.26991653441751,0.0,0.6931471805599453,0.0,1.6094379124341003,3.2684244264719027,16.0,True,54
rc10,rc10,sweep_all,mlp_relu.corners,neuralsat,S,UNSAT,solved,95.97400140762329,0.0,1.0,0.0,4.0,25.26991653441751,0.0,0.6931471805599453,0.0,1.6094379124341003,3.2684244264719027,16.0,True,54
rc10,rc10,sweep_all,mlp_relu.corners,nnenum,"R,P",ERROR,error,1.8878059387207031,0.0,1.0,0.0,4.0,25.26991653441751,0.0,0.6931471805599453,0.0,1.6094379124341003,3.2684244264719027,16.0,True,54
rc10,rc10,sweep_all,mlp_relu.corners,pyrat,D,UNSAT,solved,18.32816982269287,0.0,1.0,0.0,4.0,25.26991653441751,0.0,0.6931471805599453,0.0,1.6094379124341003,3.2684244264719027,16.0,True,54
rc11,rc11,sweep_all,mlp_relu.corners,abcrown,"D,P",UNSAT,solved,41.527060747146606,0.0,1.0,0.0,4.0,23.77904129027726,0.0,0.6931471805599453,0.0,1.6094379124341003,3.209998186601767,16.0,True,55
rc11,rc11,sweep_all,mlp_relu.corners,marabou,"S,P",UNSAT,solved,26.714897871017456,0.0,1.0,0.0,4.0,23.77904129027726,0.0,0.6931471805599453,0.0,1.6094379124341003,3.209998186601767,16.0,True,55
rc11,rc11,sweep_all,mlp_relu.corners,neuralsat,S,UNSAT,solved,120.06953978538513,0.0,1.0,0.0,4.0,23.77904129027726,0.0,0.6931471805599453,0.0,1.6094379124341003,3.209998186601767,16.0,True,55
rc11,rc11,sweep_all,mlp_relu.corners,nnenum,"R,P",ERROR,error,1.9419376850128174,0.0,1.0,0.0,4.0,23.77904129027726,0.0,0.6931471805599453,0.0,1.6094379124341003,3.209998186601767,16.0,True,55
rc11,rc11,sweep_all,mlp_relu.corners,pyrat,D,UNSAT,solved,19.47331404685974,0.0,1.0,0.0,4.0,23.77904129027726,0.0,0.6931471805599453,0.0,1.6094379124341003,3.209998186601767,16.0,True,55
rc12,rc12,sweep_all,mlp_relu.corners,abcrown,"D,P",UNSAT,solved,35.869598150253296,0.0,1.0,0.0,4.0,24.380638122552497,0.0,0.6931471805599453,0.0,1.6094379124341003,3.2339866047027335,16.0,True,56
rc12,rc12,sweep_all,mlp_relu.corners,marabou,"S,P",TIMEOUT,timeout,600.0236778259277,0.0,1.0,0.0,4.0,24.380638122552497,0.0,0.6931471805599453,0.0,1.6094379124341003,3.2339866047027335,16.0,True,56
rc12,rc12,sweep_all,mlp_relu.corners,neuralsat,S,UNSAT,solved,96.9535961151123,0.0,1.0,0.0,4.0,24.380638122552497,0.0,0.6931471805599453,0.0,1.6094379124341003,3.2339866047027335,16.0,True,56
rc12,rc12,sweep_all,mlp_relu.corners,nnenum,"R,P",ERROR,error,1.8738901615142822,0.0,1.0,0.0,4.0,24.380638122552497,0.0,0.6931471805599453,0.0,1.6094379124341003,3.2339866047027335,16.0,True,56
rc12,rc12,sweep_all,mlp_relu.corners,pyrat,D,UNSAT,solved,9.649410009384155,0.0,1.0,0.0,4.0,24.380638122552497,0.0,0.6931471805599453,0.0,1.6094379124341003,3.2339866047027335,16.0,True,56
rc13,rc13,sweep_all,mlp_relu.corners,abcrown,"D,P",UNSAT,solved,43.35598826408386,0.0,1.0,0.0,4.0,2526.9941406243684,0.0,0.6931471805599453,0.0,1.6094379124341003,7.835181437473069,16.0,True,57
rc13,rc13,sweep_all,mlp_relu.corners,marabou,"S,P",TIMEOUT,timeout,600.0179922580719,0.0,1.0,0.0,4.0,2526.9941406243684,0.0,0.6931471805599453,0.0,1.6094379124341003,7.835181437473069,16.0,True,57
rc13,rc13,sweep_all,mlp_relu.corners,neuralsat,S,UNSAT,solved,100.28477716445923,0.0,1.0,0.0,4.0,2526.9941406243684,0.0,0.6931471805599453,0.0,1.6094379124341003,7.835181437473069,16.0,True,57
rc13,rc13,sweep_all,mlp_relu.corners,nnenum,"R,P",ERROR,error,1.539809226989746,0.0,1.0,0.0,4.0,2526.9941406243684,0.0,0.6931471805599453,0.0,1.6094379124341003,7.835181437473069,16.0,True,57
rc13,rc13,sweep_all,mlp_relu.corners,pyrat,D,UNSAT,solved,21.400757312774658,0.0,1.0,0.0,4.0,2526.9941406243684,0.0,0.6931471805599453,0.0,1.6094379124341003,7.835181437473069,16.0,True,57
rc14,rc14,sweep_all,mlp_relu.corners,abcrown,"D,P",UNSAT,solved,53.08287334442139,0.0,1.0,0.0,4.0,2377.9067382806556,0.0,0.6931471805599453,0.0,1.6094379124341003,7.774396307466716,16.0,True,58
rc14,rc14,sweep_all,mlp_relu.corners,marabou,"S,P",TIMEOUT,timeout,600.0125029087067,0.0,1.0,0.0,4.0,2377.9067382806556,0.0,0.6931471805599453,0.0,1.6094379124341003,7.774396307466716,16.0,True,58
rc14,rc14,sweep_all,mlp_relu.corners,neuralsat,S,UNSAT,solved,125.71752953529358,0.0,1.0,0.0,4.0,2377.9067382806556,0.0,0.6931471805599453,0.0,1.6094379124341003,7.774396307466716,16.0,True,58
rc14,rc14,sweep_all,mlp_relu.corners,nnenum,"R,P",ERROR,error,1.7689745426177979,0.0,1.0,0.0,4.0,2377.9067382806556,0.0,0.6931471805599453,0.0,1.6094379124341003,7.774396307466716,16.0,True,58
rc14,rc14,sweep_all,mlp_relu.corners,pyrat,D,UNSAT,solved,21.28233289718628,0.0,1.0,0.0,4.0,2377.9067382806556,0.0,0.6931471805599453,0.0,1.6094379124341003,7.774396307466716,16.0,True,58
rc15,rc15,sweep_all,mlp_relu.corners,abcrown,"D,P",UNSAT,solved,50.7299108505249,0.0,1.0,0.0,4.0,2438.0664062493906,0.0,0.6931471805599453,0.0,1.6094379124341003,7.799370624679796,16.0,True,59
rc15,rc15,sweep_all,mlp_relu.corners,marabou,"S,P",TIMEOUT,timeout,600.0173895359039,0.0,1.0,0.0,4.0,2438.0664062493906,0.0,0.6931471805599453,0.0,1.6094379124341003,7.799370624679796,16.0,True,59
rc15,rc15,sweep_all,mlp_relu.corners,neuralsat,S,UNSAT,solved,98.07770919799805,0.0,1.0,0.0,4.0,2438.0664062493906,0.0,0.6931471805599453,0.0,1.6094379124341003,7.799370624679796,16.0,True,59
rc15,rc15,sweep_all,mlp_relu.corners,nnenum,"R,P",ERROR,error,1.7305188179016113,0.0,1.0,0.0,4.0,2438.0664062493906,0.0,0.6931471805599453,0.0,1.6094379124341003,7.799370624679796,16.0,True,59
rc15,rc15,sweep_all,mlp_relu.corners,pyrat,D,UNSAT,solved,13.64186429977417,0.0,1.0,0.0,4.0,2438.0664062493906,0.0,0.6931471805599453,0.0,1.6094379124341003,7.799370624679796,16.0,True,59
rc16,rc16,sweep_all,mlp_relu.corners,abcrown,"D,P",UNSAT,solved,547.4719059467316,0.0,1.0,0.0,4.0,252699.40624993682,0.0,0.6931471805599453,0.0,1.6094379124341003,12.439959901012259,16.0,True,60
rc16,rc16,sweep_all,mlp_relu.corners,marabou,"S,P",TIMEOUT,timeout,600.0108835697174,0.0,1.0,0.0,4.0,252699.40624993682,0.0,0.6931471805599453,0.0,1.6094379124341003,12.439959901012259,16.0,True,60
rc16,rc16,sweep_all,mlp_relu.corners,neuralsat,S,UNSAT,solved,124.12530398368835,0.0,1.0,0.0,4.0,252699.40624993682,0.0,0.6931471805599453,0.0,1.6094379124341003,12.439959901012259,16.0,True,60
rc16,rc16,sweep_all,mlp_relu.corners,nnenum,"R,P",ERROR,error,1.811361312866211,0.0,1.0,0.0,4.0,252699.40624993682,0.0,0.6931471805599453,0.0,1.6094379124341003,12.439959901012259,16.0,True,60
rc16,rc16,sweep_all,mlp_relu.corners,pyrat,D,UNSAT,solved,20.134303092956543,0.0,1.0,0.0,4.0,252699.40624993682,0.0,0.6931471805599453,0.0,1.6094379124341003,12.439959901012259,16.0,True,60
rc17,rc17,sweep_all,mlp_relu.corners,abcrown,"D,P",UNSAT,solved,328.58216428756714,0.0,1.0,0.022882094358901837,4.0,237790.65624994054,0.0,0.6931471805599453,0.02262422554601464,1.6094379124341003,12.379150175364796,16.0,True,61
rc17,rc17,sweep_all,mlp_relu.corners,marabou,"S,P",TIMEOUT,timeout,600.0075030326843,0.0,1.0,0.022882094358901837,4.0,237790.65624994054,0.0,0.6931471805599453,0.02262422554601464,1.6094379124341003,12.379150175364796,16.0,True,61
rc17,rc17,sweep_all,mlp_relu.corners,neuralsat,S,UNSAT,solved,123.24546885490417,0.0,1.0,0.022882094358901837,4.0,237790.65624994054,0.0,0.6931471805599453,0.02262422554601464,1.6094379124341003,12.379150175364796,16.0,True,61
rc17,rc17,sweep_all,mlp_relu.corners,nnenum,"R,P",ERROR,error,1.9154722690582275,0.0,1.0,0.022882094358901837,4.0,237790.65624994054,0.0,0.6931471805599453,0.02262422554601464,1.6094379124341003,12.379150175364796,16.0,True,61
rc17,rc17,sweep_all,mlp_relu.corners,pyrat,D,UNSAT,solved,12.861198663711548,0.0,1.0,0.022882094358901837,4.0,237790.65624994054,0.0,0.6931471805599453,0.02262422554601464,1.6094379124341003,12.379150175364796,16.0,True,61
rc18,rc18,sweep_all,mlp_relu.corners,abcrown,"D,P",UNSAT,solved,519.0993673801422,0.0,1.0,0.0,4.0,243806.62499993906,0.0,0.6931471805599453,0.0,1.6094379124341003,12.404134771175753,16.0,True,62
rc18,rc18,sweep_all,mlp_relu.corners,marabou,"S,P",TIMEOUT,timeout,600.0271835327148,0.0,1.0,0.0,4.0,243806.62499993906,0.0,0.6931471805599453,0.0,1.6094379124341003,12.404134771175753,16.0,True,62
rc18,rc18,sweep_all,mlp_relu.corners,neuralsat,S,UNSAT,solved,121.86584305763245,0.0,1.0,0.0,4.0,243806.62499993906,0.0,0.6931471805599453,0.0,1.6094379124341003,12.404134771175753,16.0,True,62
rc18,rc18,sweep_all,mlp_relu.corners,nnenum,"R,P",ERROR,error,2.0195014476776123,0.0,1.0,0.0,4.0,243806.62499993906,0.0,0.6931471805599453,0.0,1.6094379124341003,12.404134771175753,16.0,True,62
rc18,rc18,sweep_all,mlp_relu.corners,pyrat,D,UNSAT,solved,22.218994140625,0.0,1.0,0.0,4.0,243806.62499993906,0.0,0.6931471805599453,0.0,1.6094379124341003,12.404134771175753,16.0,True,62
rc19,rc19,sweep_all,mlp_relu.corners,abcrown,"D,P",UNSAT,solved,13.368499517440796,0.0,1.0,0.0,4.0,0.25267440080636383,0.0,0.6931471805599453,0.0,1.6094379124341003,0.22528078644436247,16.0,True,63
rc19,rc19,sweep_all,mlp_relu.corners,marabou,"S,P",UNSAT,solved,0.014272689819335938,0.0,1.0,0.0,4.0,0.25267440080636383,0.0,0.6931471805599453,0.0,1.6094379124341003,0.22528078644436247,16.0,True,63
rc19,rc19,sweep_all,mlp_relu.corners,neuralsat,S,UNSAT,solved,68.26959896087646,0.0,1.0,0.0,4.0,0.25267440080636383,0.0,0.6931471805599453,0.0,1.6094379124341003,0.22528078644436247,16.0,True,63
rc19,rc19,sweep_all,mlp_relu.corners,nnenum,"R,P",ERROR,error,1.9868042469024658,0.0,1.0,0.0,4.0,0.25267440080636383,0.0,0.6931471805599453,0.0,1.6094379124341003,0.22528078644436247,16.0,True,63
rc19,rc19,sweep_all,mlp_relu.corners,pyrat,D,UNSAT,solved,5.3717522621154785,0.0,1.0,0.0,4.0,0.25267440080636383,0.0,0.6931471805599453,0.0,1.6094379124341003,0.22528078644436247,16.0,True,63
rc20,rc20,sweep_all,mlp_relu.corners,abcrown,"D,P",TIMEOUT,timeout,600.1220102310181,0.0,1.0,0.0,4.0,4.989994049071018,0.0,0.6931471805599453,0.0,1.6094379124341003,1.7900904186495719,256.0,True,64
rc20,rc20,sweep_all,mlp_relu.corners,marabou,"S,P",TIMEOUT,timeout,600.014365196228,0.0,1.0,0.0,4.0,4.989994049071018,0.0,0.6931471805599453,0.0,1.6094379124341003,1.7900904186495719,256.0,True,64
rc20,rc20,sweep_all,mlp_relu.corners,neuralsat,S,TIMEOUT,timeout,600.7778098583221,0.0,1.0,0.0,4.0,4.989994049071018,0.0,0.6931471805599453,0.0,1.6094379124341003,1.7900904186495719,256.0,True,64
rc20,rc20,sweep_all,mlp_relu.corners,nnenum,"R,P",ERROR,error,1.8385279178619385,0.0,1.0,0.0,4.0,4.989994049071018,0.0,0.6931471805599453,0.0,1.6094379124341003,1.7900904186495719,256.0,True,64
rc20,rc20,sweep_all,mlp_relu.corners,pyrat,D,TIMEOUT,timeout,600.029177904129,0.0,1.0,0.0,4.0,4.989994049071018,0.0,0.6931471805599453,0.0,1.6094379124341003,1.7900904186495719,256.0,True,64
rc21,rc21,sweep_all,mlp_relu.corners,abcrown,"D,P",TIMEOUT,timeout,600.1226770877838,0.0,1.0,0.0,4.0,20.63885307311496,0.0,0.6931471805599453,0.0,1.6094379124341003,3.0744904522555516,1024.0,True,65
rc21,rc21,sweep_all,mlp_relu.corners,marabou,"S,P",TIMEOUT,timeout,600.066249370575,0.0,1.0,0.0,4.0,20.63885307311496,0.0,0.6931471805599453,0.0,1.6094379124341003,3.0744904522555516,1024.0,True,65
rc21,rc21,sweep_all,mlp_relu.corners,neuralsat,S,TIMEOUT,timeout,600.5471022129059,0.0,1.0,0.0,4.0,20.63885307311496,0.0,0.6931471805599453,0.0,1.6094379124341003,3.0744904522555516,1024.0,True,65
rc21,rc21,sweep_all,mlp_relu.corners,nnenum,"R,P",ERROR,error,1.8467342853546143,0.0,1.0,0.0,4.0,20.63885307311496,0.0,0.6931471805599453,0.0,1.6094379124341003,3.0744904522555516,1024.0,True,65
rc21,rc21,sweep_all,mlp_relu.corners,pyrat,D,TIMEOUT,timeout,600.0321440696716,0.0,1.0,0.0,4.0,20.63885307311496,0.0,0.6931471805599453,0.0,1.6094379124341003,3.0744904522555516,1024.0,True,65
rc22,rc22,sweep_all,mlp_relu.corners,abcrown,"D,P",TIMEOUT,timeout,600.1309370994568,0.0,1.0,0.0,4.0,82.66114044187387,0.0,0.6931471805599453,0.0,1.6094379124341003,4.426774597786713,4096.0,True,66
rc22,rc22,sweep_all,mlp_relu.corners,marabou,"S,P",TIMEOUT,timeout,600.3785026073456,0.0,1.0,0.0,4.0,82.66114044187387,0.0,0.6931471805599453,0.0,1.6094379124341003,4.426774597786713,4096.0,True,66
rc22,rc22,sweep_all,mlp_relu.corners,neuralsat,S,TIMEOUT,timeout,600.5627520084381,0.0,1.0,0.0,4.0,82.66114044187387,0.0,0.6931471805599453,0.0,1.6094379124341003,4.426774597786713,4096.0,True,66
rc22,rc22,sweep_all,mlp_relu.corners,nnenum,"R,P",ERROR,error,1.8230366706848145,0.0,1.0,0.0,4.0,82.66114044187387,0.0,0.6931471805599453,0.0,1.6094379124341003,4.426774597786713,4096.0,True,66
rc22,rc22,sweep_all,mlp_relu.corners,pyrat,D,TIMEOUT,timeout,600.033280134201,0.0,1.0,0.0,4.0,82.66114044187387,0.0,0.6931471805599453,0.0,1.6094379124341003,4.426774597786713,4096.0,True,66
ep1,ep1,sweep_all,mlp_relu.embedded_projection,abcrown,"D,P",UNSAT,solved,3.595401763916016,4.174387269895637,0.0,11.583120338677675,0.8342132568359375,2.286404126499427e-06,1.6437209301888343,0.0,2.5323562601560634,0.606615646701332,2.2864015126814963e-06,1480.0,True,67
ep1,ep1,sweep_all,mlp_relu.embedded_projection,marabou,"S,P",UNSAT,solved,5.540464878082275,4.174387269895637,0.0,11.583120338677675,0.8342132568359375,2.286404126499427e-06,1.6437209301888343,0.0,2.5323562601560634,0.606615646701332,2.2864015126814963e-06,1480.0,True,67
ep1,ep1,sweep_all,mlp_relu.embedded_projection,neuralsat,S,UNSAT,solved,5.31123375892639,4.174387269895637,0.0,11.583120338677675,0.8342132568359375,2.286404126499427e-06,1.6437209301888343,0.0,2.5323562601560634,0.606615646701332,2.2864015126814963e-06,1480.0,True,67
ep1,ep1,sweep_all,mlp_relu.embedded_projection,nnenum,"R,P",ERROR,error,1.798081636428833,4.174387269895637,0.0,11.583120338677675,0.8342132568359375,2.286404126499427e-06,1.6437209301888343,0.0,2.5323562601560634,0.606615646701332,2.2864015126814963e-06,1480.0,True,67
ep1,ep1,sweep_all,mlp_relu.embedded_projection,pyrat,D,UNSAT,solved,5.474920988082886,4.174387269895637,0.0,11.583120338677675,0.8342132568359375,2.286404126499427e-06,1.6437209301888343,0.0,2.5323562601560634,0.606615646701332,2.2864015126814963e-06,1480.0,True,67
ep2,ep2,sweep_all,mlp_relu.embedded_projection,abcrown,"D,P",UNSAT,solved,3.758060932159424,3.871201010907891,0.0,11.518533045298632,0.8342132568359375,2.286404126499427e-06,1.583340520839692,0.0,2.5272101899012798,0.606615646701332,2.2864015126814963e-06,1480.0,True,68
ep2,ep2,sweep_all,mlp_relu.embedded_projection,marabou,"S,P",UNSAT,solved,5.728116750717163,3.871201010907891,0.0,11.518533045298632,0.8342132568359375,2.286404126499427e-06,1.583340520839692,0.0,2.5272101899012798,0.606615646701332,2.2864015126814963e-06,1480.0,True,68
ep2,ep2,sweep_all,mlp_relu.embedded_projection,neuralsat,S,UNSAT,solved,5.30999279022217,3.871201010907891,0.0,11.518533045298632,0.8342132568359375,2.286404126499427e-06,1.583340520839692,0.0,2.5272101899012798,0.606615646701332,2.2864015126814963e-06,1480.0,True,68
ep2,ep2,sweep_all,mlp_relu.embedded_projection,nnenum,"R,P",ERROR,error,1.8755483627319336,3.871201010907891,0.0,11.518533045298632,0.8342132568359375,2.286404126499427e-06,1.583340520839692,0.0,2.5272101899012798,0.606615646701332,2.2864015126814963e-06,1480.0,True,68
ep2,ep2,sweep_all,mlp_relu.embedded_projection,pyrat,D,UNSAT,solved,3.0421619415283203,3.871201010907891,0.0,11.518533045298632,0.8342132568359375,2.286404126499427e-06,1.583340520839692,0.0,2.5272101899012798,0.606615646701332,2.2864015126814963e-06,1480.0,True,68
ep3,ep3,sweep_all,mlp_relu.embedded_projection,abcrown,"D,P",UNSAT,solved,3.925334215164185,3.8501476017100584,0.0,11.475120634456077,0.8342132568359375,2.286404126499427e-06,1.579009137828587,0.0,2.523736311687507,0.606615646701332,2.2864015126814963e-06,1480.0,True,69
ep3,ep3,sweep_all,mlp_relu.embedded_projection,marabou,"S,P",UNSAT,solved,5.579730987548828,3.8501476017100584,0.0,11.475120634456077,0.8342132568359375,2.286404126499427e-06,1.579009137828587,0.0,2.523736311687507,0.606615646701332,2.2864015126814963e-06,1480.0,True,69
ep3,ep3,sweep_all,mlp_relu.embedded_projection,neuralsat,S,UNSAT,solved,5.940041065216064,3.8501476017100584,0.0,11.475120634456077,0.8342132568359375,2.286404126499427e-06,1.579009137828587,0.0,2.523736311687507,0.606615646701332,2.2864015126814963e-06,1480.0,True,69
ep3,ep3,sweep_all,mlp_relu.embedded_projection,nnenum,"R,P",ERROR,error,1.8523623943328857,3.8501476017100584,0.0,11.475120634456077,0.8342132568359375,2.286404126499427e-06,1.579009137828587,0.0,2.523736311687507,0.606615646701332,2.2864015126814963e-06,1480.0,True,69
ep3,ep3,sweep_all,mlp_relu.embedded_projection,pyrat,D,UNSAT,solved,3.293444871902466,3.8501476017100584,0.0,11.475120634456077,0.8342132568359375,2.286404126499427e-06,1.579009137828587,0.0,2.523736311687507,0.606615646701332,2.2864015126814963e-06,1480.0,True,69
ep4,ep4,sweep_all,mlp_relu.embedded_projection,abcrown,"D,P",UNSAT,solved,3.282429695129395,3.8501476017100584,0.0,11.49491981588316,0.8342132568359375,2.286404126499427e-06,1.579009137828587,0.0,2.525322146970059,0.606615646701332,2.2864015126814963e-06,1480.0,True,70
ep4,ep4,sweep_all,mlp_relu.embedded_projection,marabou,"S,P",UNSAT,solved,5.547301769256592,3.8501476017100584,0.0,11.49491981588316,0.8342132568359375,2.286404126499427e-06,1.579009137828587,0.0,2.525322146970059,0.606615646701332,2.2864015126814963e-06,1480.0,True,70
ep4,ep4,sweep_all,mlp_relu.embedded_projection,neuralsat,S,UNSAT,solved,4.855815172195435,3.8501476017100584,0.0,11.49491981588316,0.8342132568359375,2.286404126499427e-06,1.579009137828587,0.0,2.525322146970059,0.606615646701332,2.2864015126814963e-06,1480.0,True,70
ep4,ep4,sweep_all,mlp_relu.embedded_projection,nnenum,"R,P",ERROR,error,1.9794845581054688,3.8501476017100584,0.0,11.49491981588316,0.8342132568359375,2.286404126499427e-06,1.579009137828587,0.0,2.525322146970059,0.606615646701332,2.2864015126814963e-06,1480.0,True,70
ep4,ep4,sweep_all,mlp_relu.embedded_projection,pyrat,D,UNSAT,solved,3.6862289905548096,3.8501476017100584,0.0,11.49491981588316,0.8342132568359375,2.286404126499427e-06,1.579009137828587,0.0,2.525322146970059,0.606615646701332,2.2864015126814963e-06,1480.0,True,70
ep5,ep5,sweep_all,mlp_relu.embedded_projection,abcrown,"D,P",UNSAT,solved,3.28071689605713,3.7376696182833684,0.0,11.487031996304758,0.8342132568359375,2.286404126499427e-06,1.5555453730992024,0.0,2.52469066549897,0.606615646701332,2.2864015126814963e-06,1480.0,True,71
ep5,ep5,sweep_all,mlp_relu.embedded_projection,marabou,"S,P",UNSAT,solved,5.547126293182373,3.7376696182833684,0.0,11.487031996304758,0.8342132568359375,2.286404126499427e-06,1.5555453730992024,0.0,2.52469066549897,0.606615646701332,2.2864015126814963e-06,1480.0,True,71
ep5,ep5,sweep_all,mlp_relu.embedded_projection,neuralsat,S,UNSAT,solved,4.973893880844116,3.7376696182833684,0.0,11.487031996304758,0.8342132568359375,2.286404126499427e-06,1.5555453730992024,0.0,2.52469066549897,0.606615646701332,2.2864015126814963e-06,1480.0,True,71
ep5,ep5,sweep_all,mlp_relu.embedded_projection,nnenum,"R,P",ERROR,error,1.7533063888549805,3.7376696182833684,0.0,11.487031996304758,0.8342132568359375,2.286404126499427e-06,1.5555453730992024,0.0,2.52469066549897,0.606615646701332,2.2864015126814963e-06,1480.0,True,71
ep5,ep5,sweep_all,mlp_relu.embedded_projection,pyrat,D,UNSAT,solved,3.8503358364105225,3.7376696182833684,0.0,11.487031996304758,0.8342132568359375,2.286404126499427e-06,1.5555453730992024,0.0,2.52469066549897,0.606615646701332,2.2864015126814963e-06,1480.0,True,71
dc_cnn1,dc_cnn1,sweep_all,cnn.deep_contractive_cnn,abcrown,"D,P",UNSAT,solved,46.3174512386322,6.343880434126331,0.5052083333333334,41.95219152357433,0.3315001428127289,0.29525089633840584,1.9938673724294378,0.40893131608465066,3.7600876721244436,0.2863062335288692,0.2587044187321358,3072.0,True,72
dc_cnn1,dc_cnn1,sweep_all,cnn.deep_contractive_cnn,marabou,"S,P",UNSAT,solved,0.6469979286193848,6.343880434126331,0.5052083333333334,41.95219152357433,0.3315001428127289,0.29525089633840584,1.9938673724294378,0.40893131608465066,3.7600876721244436,0.2863062335288692,0.2587044187321358,3072.0,True,72
dc_cnn1,dc_cnn1,sweep_all,cnn.deep_contractive_cnn,neuralsat,S,UNSAT,solved,123.58574604988098,6.343880434126331,0.5052083333333334,41.95219152357433,0.3315001428127289,0.29525089633840584,1.9938673724294378,0.40893131608465066,3.7600876721244436,0.2863062335288692,0.2587044187321358,3072.0,True,72
dc_cnn1,dc_cnn1,sweep_all,cnn.deep_contractive_cnn,nnenum,"R,P",UNSAT,solved,2.1470603942871094,6.343880434126331,0.5052083333333334,41.95219152357433,0.3315001428127289,0.29525089633840584,1.9938673724294378,0.40893131608465066,3.7600876721244436,0.2863062335288692,0.2587044187321358,3072.0,True,72
dc_cnn1,dc_cnn1,sweep_all,cnn.deep_contractive_cnn,pyrat,D,UNSAT,solved,3.5585501194000244,6.343880434126331,0.5052083333333334,41.95219152357433,0.3315001428127289,0.29525089633840584,1.9938673724294378,0.40893131608465066,3.7600876721244436,0.2863062335288692,0.2587044187321358,3072.0,True,72
dc_cnn2,dc_cnn2,sweep_all,cnn.deep_contractive_cnn,abcrown,"D,P",UNSAT,solved,53.60107898712158,6.396929655216146,0.6591796875,37.97582378402239,0.47263234853744507,0.7123952402766708,2.001065002653271,0.5063233160724789,3.6629415509365706,0.38705151266587806,0.5378931157219965,5120.0,True,73
dc_cnn2,dc_cnn2,sweep_all,cnn.deep_contractive_cnn,marabou,"S,P",UNSAT,solved,1.2061333656311035,6.396929655216146,0.6591796875,37.97582378402239,0.47263234853744507,0.7123952402766708,2.001065002653271,0.5063233160724789,3.6629415509365706,0.38705151266587806,0.5378931157219965,5120.0,True,73
dc_cnn2,dc_cnn2,sweep_all,cnn.deep_contractive_cnn,neuralsat,S,UNSAT,solved,195.4143829345703,6.396929655216146,0.6591796875,37.97582378402239,0.47263234853744507,0.7123952402766708,2.001065002653271,0.5063233160724789,3.6629415509365706,0.38705151266587806,0.5378931157219965,5120.0,True,73
dc_cnn2,dc_cnn2,sweep_all,cnn.deep_contractive_cnn,nnenum,"R,P",UNSAT,solved,2.051327705383301,6.396929655216146,0.6591796875,37.97582378402239,0.47263234853744507,0.7123952402766708,2.001065002653271,0.5063233160724789,3.6629415509365706,0.38705151266587806,0.5378931157219965,5120.0,True,73
dc_cnn2,dc_cnn2,sweep_all,cnn.deep_contractive_cnn,pyrat,D,UNSAT,solved,4.11736798286438,6.396929655216146,0.6591796875,37.97582378402239,0.47263234853744507,0.7123952402766708,2.001065002653271,0.5063233160724789,3.6629415509365706,0.38705151266587806,0.5378931157219965,5120.0,True,73
dc_cnn3,dc_cnn3,sweep_all,cnn.deep_contractive_cnn,abcrown,"D,P",UNSAT,solved,85.97253465652466,6.396929655216146,0.7668805803571429,23.212880717961614,10.468107223510742,0.9850380977279286,2.001065002653271,0.5692156077810092,3.1868847526347532,2.439569897777793,0.6856381067650137,7168.0,True,74
dc_cnn3,dc_cnn3,sweep_all,cnn.deep_contractive_cnn,marabou,"S,P",UNSAT,solved,1.9092645645141602,6.396929655216146,0.7668805803571429,23.212880717961614,10.468107223510742,0.9850380977279286,2.001065002653271,0.5692156077810092,3.1868847526347532,2.439569897777793,0.6856381067650137,7168.0,True,74
dc_cnn3,dc_cnn3,sweep_all,cnn.deep_contractive_cnn,neuralsat,S,UNSAT,solved,216.06062865257263,6.396929655216146,0.7668805803571429,23.212880717961614,10.468107223510742,0.9850380977279286,2.001065002653271,0.5692156077810092,3.1868847526347532,2.439569897777793,0.6856381067650137,7168.0,True,74
dc_cnn3,dc_cnn3,sweep_all,cnn.deep_contractive_cnn,nnenum,"R,P",UNSAT,solved,1.9948935508728027,6.396929655216146,0.7668805803571429,23.212880717961614,10.468107223510742,0.9850380977279286,2.001065002653271,0.5692156077810092,3.1868847526347532,2.439569897777793,0.6856381067650137,7168.0,True,74
dc_cnn3,dc_cnn3,sweep_all,cnn.deep_contractive_cnn,pyrat,D,UNSAT,solved,4.242828130722046,6.396929655216146,0.7668805803571429,23.212880717961614,10.468107223510742,0.9850380977279286,2.001065002653271,0.5692156077810092,3.1868847526347532,2.439569897777793,0.6856381067650137,7168.0,True,74
dc_cnn4,dc_cnn4,sweep_all,cnn.deep_contractive_cnn,abcrown,"D,P",UNSAT,solved,84.82728433609009,5.8971538676367405,0.8136935763888888,9.360603413887674,62.075225830078125,0.9984251374703114,1.9311088435575234,0.5953654159185264,2.3380104797189394,4.144328074862814,0.692359439108258,9216.0,True,75
dc_cnn4,dc_cnn4,sweep_all,cnn.deep_contractive_cnn,marabou,"S,P",UNSAT,solved,2.5981369018554688,5.8971538676367405,0.8136935763888888,9.360603413887674,62.075225830078125,0.9984251374703114,1.9311088435575234,0.5953654159185264,2.3380104797189394,4.144328074862814,0.692359439108258,9216.0,True,75
dc_cnn4,dc_cnn4,sweep_all,cnn.deep_contractive_cnn,neuralsat,S,UNSAT,solved,299.42706775665283,5.8971538676367405,0.8136935763888888,9.360603413887674,62.075225830078125,0.9984251374703114,1.9311088435575234,0.5953654159185264,2.3380104797189394,4.144328074862814,0.692359439108258,9216.0,True,75
dc_cnn4,dc_cnn4,sweep_all,cnn.deep_contractive_cnn,nnenum,"R,P",UNSAT,solved,2.172468423843384,5.8971538676367405,0.8136935763888888,9.360603413887674,62.075225830078125,0.9984251374703114,1.9311088435575234,0.5953654159185264,2.3380104797189394,4.144328074862814,0.692359439108258,9216.0,True,75
dc_cnn4,dc_cnn4,sweep_all,cnn.deep_contractive_cnn,pyrat,D,UNSAT,solved,3.8853211402893066,5.8971538676367405,0.8136935763888888,9.360603413887674,62.075225830078125,0.9984251374703114,1.9311088435575234,0.5953654159185264,2.3380104797189394,4.144328074862814,0.692359439108258,9216.0,True,75
dc_cnn5,dc_cnn5,sweep_all,cnn.deep_contractive_cnn,abcrown,"D,P",UNSAT,solved,101.14186644554138,5.147494476813453,0.8481889204545454,3.2119489935190253,1348.24853515625,0.9994104418935394,1.8160445966634724,0.61420619767759,1.4379254843976037,7.207303075825567,0.6928523580508298,11264.0,True,76
dc_cnn5,dc_cnn5,sweep_all,cnn.deep_contractive_cnn,marabou,"S,P",UNSAT,solved,3.4134609699249268,5.147494476813453,0.8481889204545454,3.2119489935190253,1348.24853515625,0.9994104418935394,1.8160445966634724,0.61420619767759,1.4379254843976037,7.207303075825567,0.6928523580508298,11264.0,True,76
dc_cnn5,dc_cnn5,sweep_all,cnn.deep_contractive_cnn,neuralsat,S,UNSAT,solved,535.0780069828033,5.147494476813453,0.8481889204545454,3.2119489935190253,1348.24853515625,0.9994104418935394,1.8160445966634724,0.61420619767759,1.4379254843976037,7.207303075825567,0.6928523580508298,11264.0,True,76
dc_cnn5,dc_cnn5,sweep_all,cnn.deep_contractive_cnn,nnenum,"R,P",UNSAT,solved,2.383192539215088,5.147494476813453,0.8481889204545454,3.2119489935190253,1348.24853515625,0.9994104418935394,1.8160445966634724,0.61420619767759,1.4379254843976037,7.207303075825567,0.6928523580508298,11264.0,True,76
dc_cnn5,dc_cnn5,sweep_all,cnn.deep_contractive_cnn,pyrat,D,UNSAT,solved,4.866822957992554,5.147494476813453,0.8481889204545454,3.2119489935190253,1348.24853515625,0.9994104418935394,1.8160445966634724,0.61420619767759,1.4379254843976037,7.207303075825567,0.6928523580508298,11264.0,True,76
dc_cnn6,dc_cnn6,sweep_all,cnn.deep_contractive_cnn,abcrown,"D,P",UNSAT,solved,42.434476375579834,6.16541785423142,0.4772135416666667,41.50934764154548,0.22608405351638794,0.23767183021733965,1.969266378383766,0.39015757107222426,3.749723996253077,0.2038253943127153,0.21323205852244484,3072.0,True,77
dc_cnn6,dc_cnn6,sweep_all,cnn.deep_contractive_cnn,marabou,"S,P",UNSAT,solved,0.6081469058990479,6.16541785423142,0.4772135416666667,41.50934764154548,0.22608405351638794,0.23767183021733965,1.969266378383766,0.39015757107222426,3.749723996253077,0.2038253943127153,0.21323205852244484,3072.0,True,77
dc_cnn6,dc_cnn6,sweep_all,cnn.deep_contractive_cnn,neuralsat,S,UNSAT,solved,96.72993922233582,6.16541785423142,0.4772135416666667,41.50934764154548,0.22608405351638794,0.23767183021733965,1.969266378383766,0.39015757107222426,3.749723996253077,0.2038253943127153,0.21323205852244484,3072.0,True,77
dc_cnn6,dc_cnn6,sweep_all,cnn.deep_contractive_cnn,nnenum,"R,P",UNSAT,solved,1.9978582859039307,6.16541785423142,0.4772135416666667,41.50934764154548,0.22608405351638794,0.23767183021733965,1.969266378383766,0.39015757107222426,3.749723996253077,0.2038253943127153,0.21323205852244484,3072.0,True,77
dc_cnn6,dc_cnn6,sweep_all,cnn.deep_contractive_cnn,pyrat,D,UNSAT,solved,3.802704095840454,6.16541785423142,0.4772135416666667,41.50934764154548,0.22608405351638794,0.23767183021733965,1.969266378383766,0.39015757107222426,3.749723996253077,0.2038253943127153,0.21323205852244484,3072.0,True,77
dc_cnn7,dc_cnn7,sweep_all,cnn.deep_contractive_cnn,abcrown,"D,P",UNSAT,solved,53.728147983551025,6.396929655216146,0.710546875,39.2457565097209,0.8451133966445923,0.8274552231690688,2.001065002653271,0.5368131293277902,3.6950045699766996,0.612540737199789,0.6029244106557533,5120.0,True,78
dc_cnn7,dc_cnn7,sweep_all,cnn.deep_contractive_cnn,marabou,"S,P",UNSAT,solved,1.2161500453948975,6.396929655216146,0.710546875,39.2457565097209,0.8451133966445923,0.8274552231690688,2.001065002653271,0.5368131293277902,3.6950045699766996,0.612540737199789,0.6029244106557533,5120.0,True,78
dc_cnn7,dc_cnn7,sweep_all,cnn.deep_contractive_cnn,neuralsat,S,UNSAT,solved,145.66264700889587,6.396929655216146,0.710546875,39.2457565097209,0.8451133966445923,0.8274552231690688,2.001065002653271,0.5368131293277902,3.6950045699766996,0.612540737199789,0.6029244106557533,5120.0,True,78
dc_cnn7,dc_cnn7,sweep_all,cnn.deep_contractive_cnn,nnenum,"R,P",UNSAT,solved,2.1095244884490967,6.396929655216146,0.710546875,39.2457565097209,0.8451133966445923,0.8274552231690688,2.001065002653271,0.5368131293277902,3.6950045699766996,0.612540737199789,0.6029244106557533,5120.0,True,78
dc_cnn7,dc_cnn7,sweep_all,cnn.deep_contractive_cnn,pyrat,D,UNSAT,solved,3.8535311222076416,6.396929655216146,0.710546875,39.2457565097209,0.8451133966445923,0.8274552231690688,2.001065002653271,0.5368131293277902,3.6950045699766996,0.612540737199789,0.6029244106557533,5120.0,True,78
dc_cnn8,dc_cnn8,sweep_all,cnn.deep_contractive_cnn,abcrown,"D,P",UNSAT,solved,63.02657651901245,6.375024819828097,0.7791573660714286,17.94473593241768,8.553570747375488,0.9867620318228085,1.9980992676206404,0.5761398623721334,2.941526105730912,2.2569149848581023,0.6865061938524344,7168.0,True,79
dc_cnn8,dc_cnn8,sweep_all,cnn.deep_contractive_cnn,marabou,"S,P",UNSAT,solved,1.8476545810699463,6.375024819828097,0.7791573660714286,17.94473593241768,8.553570747375488,0.9867620318228085,1.9980992676206404,0.5761398623721334,2.941526105730912,2.2569149848581023,0.6865061938524344,7168.0,True,79
dc_cnn8,dc_cnn8,sweep_all,cnn.deep_contractive_cnn,neuralsat,S,UNSAT,solved,217.80887055397034,6.375024819828097,0.7791573660714286,17.94473593241768,8.553570747375488,0.9867620318228085,1.9980992676206404,0.5761398623721334,2.941526105730912,2.2569149848581023,0.6865061938524344,7168.0,True,79
dc_cnn8,dc_cnn8,sweep_all,cnn.deep_contractive_cnn,nnenum,"R,P",UNSAT,solved,2.082866907119751,6.375024819828097,0.7791573660714286,17.94473593241768,8.553570747375488,0.9867620318228085,1.9980992676206404,0.5761398623721334,2.941526105730912,2.2569149848581023,0.6865061938524344,7168.0,True,79
dc_cnn8,dc_cnn8,sweep_all,cnn.deep_contractive_cnn,pyrat,D,UNSAT,solved,4.272212028503418,6.375024819828097,0.7791573660714286,17.94473593241768,8.553570747375488,0.9867620318228085,1.9980992676206404,0.5761398623721334,2.941526105730912,2.2569149848581023,0.6865061938524344,7168.0,True,79
dc_cnn9,dc_cnn9,sweep_all,cnn.deep_contractive_cnn,abcrown,"D,P",UNSAT,solved,81.02616834640503,5.793013608384144,0.8228081597222222,6.272782855121132,76.32766723632812,0.9987761905331464,1.9158946735023363,0.6003782568745417,1.9841390044254623,4.348051811818176,0.6925350885364108,9216.0,True,80
dc_cnn9,dc_cnn9,sweep_all,cnn.deep_contractive_cnn,marabou,"S,P",UNSAT,solved,2.5983314514160156,5.793013608384144,0.8228081597222222,6.272782855121132,76.32766723632812,0.9987761905331464,1.9158946735023363,0.6003782568745417,1.9841390044254623,4.348051811818176,0.6925350885364108,9216.0,True,80
dc_cnn9,dc_cnn9,sweep_all,cnn.deep_contractive_cnn,neuralsat,S,UNSAT,solved,284.08606481552124,5.793013608384144,0.8228081597222222,6.272782855121132,76.32766723632812,0.9987761905331464,1.9158946735023363,0.6003782568745417,1.9841390044254623,4.348051811818176,0.6925350885364108,9216.0,True,80
dc_cnn9,dc_cnn9,sweep_all,cnn.deep_contractive_cnn,nnenum,"R,P",UNSAT,solved,2.4700233936309814,5.793013608384144,0.8228081597222222,6.272782855121132,76.32766723632812,0.9987761905331464,1.9158946735023363,0.6003782568745417,1.9841390044254623,4.348051811818176,0.6925350885364108,9216.0,True,80
dc_cnn9,dc_cnn9,sweep_all,cnn.deep_contractive_cnn,pyrat,D,UNSAT,solved,4.087417125701904,5.793013608384144,0.8228081597222222,6.272782855121132,76.32766723632812,0.9987761905331464,1.9158946735023363,0.6003782568745417,1.9841390044254623,4.348051811818176,0.6925350885364108,9216.0,True,80
dc_cnn10,dc_cnn10,sweep_all,cnn.deep_contractive_cnn,abcrown,"D,P",UNSAT,solved,97.46827220916748,5.627621113690637,0.8495205965909091,6.340789936275357,1935.6729736328125,0.9993452371762654,1.8912459334298568,0.6149264685305581,1.9934464575816886,7.56872681778157,0.6928197455470847,11264.0,True,81
dc_cnn10,dc_cnn10,sweep_all,cnn.deep_contractive_cnn,marabou,"S,P",UNSAT,solved,3.380523681640625,5.627621113690637,0.8495205965909091,6.340789936275357,1935.6729736328125,0.9993452371762654,1.8912459334298568,0.6149264685305581,1.9934464575816886,7.56872681778157,0.6928197455470847,11264.0,True,81
dc_cnn10,dc_cnn10,sweep_all,cnn.deep_contractive_cnn,neuralsat,S,UNSAT,solved,411.0016198158264,5.627621113690637,0.8495205965909091,6.340789936275357,1935.6729736328125,0.9993452371762654,1.8912459334298568,0.6149264685305581,1.9934464575816886,7.56872681778157,0.6928197455470847,11264.0,True,81
dc_cnn10,dc_cnn10,sweep_all,cnn.deep_contractive_cnn,nnenum,"R,P",UNSAT,solved,2.5444438457489014,5.627621113690637,0.8495205965909091,6.340789936275357,1935.6729736328125,0.9993452371762654,1.8912459334298568,0.6149264685305581,1.9934464575816886,7.56872681778157,0.6928197455470847,11264.0,True,81
dc_cnn10,dc_cnn10,sweep_all,cnn.deep_contractive_cnn,pyrat,D,UNSAT,solved,3.84763503074646,5.627621113690637,0.8495205965909091,6.340789936275357,1935.6729736328125,0.9993452371762654,1.8912459334298568,0.6149264685305581,1.9934464575816886,7.56872681778157,0.6928197455470847,11264.0,True,81
dc_cnn11,dc_cnn11,sweep_all,cnn.deep_contractive_cnn,abcrown,"D,P",UNSAT,solved,63.35057044029236,6.376726947898627,0.7668805803571429,19.053018164292585,2.317404270172119,0.9850381129895466,1.998330037241074,0.5692156077810092,2.998379674308708,1.1991826307934499,0.6856381144533387,7168.0,True,82
dc_cnn11,dc_cnn11,sweep_all,cnn.deep_contractive_cnn,marabou,"S,P",UNSAT,solved,1.917287826538086,6.376726947898627,0.7668805803571429,19.053018164292585,2.317404270172119,0.9850381129895466,1.998330037241074,0.5692156077810092,2.998379674308708,1.1991826307934499,0.6856381144533387,7168.0,True,82
dc_cnn11,dc_cnn11,sweep_all,cnn.deep_contractive_cnn,neuralsat,S,UNSAT,solved,232.50225949287415,6.376726947898627,0.7668805803571429,19.053018164292585,2.317404270172119,0.9850381129895466,1.998330037241074,0.5692156077810092,2.998379674308708,1.1991826307934499,0.6856381144533387,7168.0,True,82
dc_cnn11,dc_cnn11,sweep_all,cnn.deep_contractive_cnn,nnenum,"R,P",UNSAT,solved,2.211841106414795,6.376726947898627,0.7668805803571429,19.053018164292585,2.317404270172119,0.9850381129895466,1.998330037241074,0.5692156077810092,2.998379674308708,1.1991826307934499,0.6856381144533387,7168.0,True,82
dc_cnn11,dc_cnn11,sweep_all,cnn.deep_contractive_cnn,pyrat,D,UNSAT,solved,4.156193733215332,6.376726947898627,0.7668805803571429,19.053018164292585,2.317404270172119,0.9850381129895466,1.998330037241074,0.5692156077810092,2.998379674308708,1.1991826307934499,0.6856381144533387,7168.0,True,82
dc_cnn12,dc_cnn12,sweep_all,cnn.deep_contractive_cnn,abcrown,"D,P",UNSAT,solved,68.32197761535645,6.396929655216146,0.7668805803571429,22.06279915582158,5.163605690002441,0.9850380974792683,2.001065002653271,0.5692156077810092,3.1382208932427553,1.8186619455873199,0.6856381066397464,7168.0,True,83
dc_cnn12,dc_cnn12,sweep_all,cnn.deep_contractive_cnn,marabou,"S,P",UNSAT,solved,1.8806145191192627,6.396929655216146,0.7668805803571429,22.06279915582158,5.163605690002441,0.9850380974792683,2.001065002653271,0.5692156077810092,3.1382208932427553,1.8186619455873199,0.6856381066397464,7168.0,True,83
dc_cnn12,dc_cnn12,sweep_all,cnn.deep_contractive_cnn,neuralsat,S,UNSAT,solved,244.33063411712646,6.396929655216146,0.7668805803571429,22.06279915582158,5.163605690002441,0.9850380974792683,2.001065002653271,0.5692156077810092,3.1382208932427553,1.8186619455873199,0.6856381066397464,7168.0,True,83
dc_cnn12,dc_cnn12,sweep_all,cnn.deep_contractive_cnn,nnenum,"R,P",UNSAT,solved,2.0324618816375732,6.396929655216146,0.7668805803571429,22.06279915582158,5.163605690002441,0.9850380974792683,2.001065002653271,0.5692156077810092,3.1382208932427553,1.8186619455873199,0.6856381066397464,7168.0,True,83
dc_cnn12,dc_cnn12,sweep_all,cnn.deep_contractive_cnn,pyrat,D,UNSAT,solved,4.375976085662842,6.396929655216146,0.7668805803571429,22.06279915582158,5.163605690002441,0.9850380974792683,2.001065002653271,0.5692156077810092,3.1382208932427553,1.8186619455873199,0.6856381066397464,7168.0,True,83
dc_cnn13,dc_cnn13,sweep_all,cnn.deep_contractive_cnn,abcrown,"D,P",UNSAT,solved,66.05382704734802,6.391917113392602,0.7668805803571429,23.89516057263167,10.468090057373047,0.9850380731925956,2.0003871212614466,0.5692156077810092,3.2146734300685917,2.439568400917831,0.6856380944048815,7168.0,True,84
dc_cnn13,dc_cnn13,sweep_all,cnn.deep_contractive_cnn,marabou,"S,P",UNSAT,solved,1.8819389343261719,6.391917113392602,0.7668805803571429,23.89516057263167,10.468090057373047,0.9850380731925956,2.0003871212614466,0.5692156077810092,3.2146734300685917,2.439568400917831,0.6856380944048815,7168.0,True,84
dc_cnn13,dc_cnn13,sweep_all,cnn.deep_contractive_cnn,neuralsat,S,UNSAT,solved,244.3541398048401,6.391917113392602,0.7668805803571429,23.89516057263167,10.468090057373047,0.9850380731925956,2.0003871212614466,0.5692156077810092,3.2146734300685917,2.439568400917831,0.6856380944048815,7168.0,True,84
dc_cnn13,dc_cnn13,sweep_all,cnn.deep_contractive_cnn,nnenum,"R,P",UNSAT,solved,1.994844913482666,6.391917113392602,0.7668805803571429,23.89516057263167,10.468090057373047,0.9850380731925956,2.0003871212614466,0.5692156077810092,3.2146734300685917,2.439568400917831,0.6856380944048815,7168.0,True,84
dc_cnn13,dc_cnn13,sweep_all,cnn.deep_contractive_cnn,pyrat,D,UNSAT,solved,3.9106040000915527,6.391917113392602,0.7668805803571429,23.89516057263167,10.468090057373047,0.9850380731925956,2.0003871212614466,0.5692156077810092,3.2146734300685917,2.439568400917831,0.6856380944048815,7168.0,True,84
dc_cnn14,dc_cnn14,sweep_all,cnn.deep_contractive_cnn,abcrown,"D,P",UNSAT,solved,64.99382138252258,6.391917113392602,0.7668805803571429,23.382237286391646,14.479532241821289,0.9850380891334896,2.0003871212614466,0.5692156077810092,3.193854887127083,2.739518650768431,0.6856381024354046,7168.0,True,85
dc_cnn14,dc_cnn14,sweep_all,cnn.deep_contractive_cnn,marabou,"S,P",UNSAT,solved,1.8825819492340088,6.391917113392602,0.7668805803571429,23.382237286391646,14.479532241821289,0.9850380891334896,2.0003871212614466,0.5692156077810092,3.193854887127083,2.739518650768431,0.6856381024354046,7168.0,True,85
dc_cnn14,dc_cnn14,sweep_all,cnn.deep_contractive_cnn,neuralsat,S,UNSAT,solved,245.3863434791565,6.391917113392602,0.7668805803571429,23.382237286391646,14.479532241821289,0.9850380891334896,2.0003871212614466,0.5692156077810092,3.193854887127083,2.739518650768431,0.6856381024354046,7168.0,True,85
dc_cnn14,dc_cnn14,sweep_all,cnn.deep_contractive_cnn,nnenum,"R,P",UNSAT,solved,2.2029662132263184,6.391917113392602,0.7668805803571429,23.382237286391646,14.479532241821289,0.9850380891334896,2.0003871212614466,0.5692156077810092,3.193854887127083,2.739518650768431,0.6856381024354046,7168.0,True,85
dc_cnn14,dc_cnn14,sweep_all,cnn.deep_contractive_cnn,pyrat,D,UNSAT,solved,3.9096550941467285,6.391917113392602,0.7668805803571429,23.382237286391646,14.479532241821289,0.9850380891334896,2.0003871212614466,0.5692156077810092,3.193854887127083,2.739518650768431,0.6856381024354046,7168.0,True,85
dc_cnn15,dc_cnn15,sweep_all,cnn.deep_contractive_cnn,abcrown,"D,P",UNSAT,solved,61.761741638183594,6.3784261836515865,0.7668805803571429,19.157606227218494,17.448963165283203,0.9850380992299411,1.9985603616227083,0.5692156077810092,3.0035816974239253,2.915008171903805,0.6856381075216805,7168.0,True,86
dc_cnn15,dc_cnn15,sweep_all,cnn.deep_contractive_cnn,marabou,"S,P",UNSAT,solved,1.884092092514038,6.3784261836515865,0.7668805803571429,19.157606227218494,17.448963165283203,0.9850380992299411,1.9985603616227083,0.5692156077810092,3.0035816974239253,2.915008171903805,0.6856381075216805,7168.0,True,86
dc_cnn15,dc_cnn15,sweep_all,cnn.deep_contractive_cnn,neuralsat,S,UNSAT,solved,247.7744505405426,6.3784261836515865,0.7668805803571429,19.157606227218494,17.448963165283203,0.9850380992299411,1.9985603616227083,0.5692156077810092,3.0035816974239253,2.915008171903805,0.6856381075216805,7168.0,True,86
dc_cnn15,dc_cnn15,sweep_all,cnn.deep_contractive_cnn,nnenum,"R,P",UNSAT,solved,2.0143914222717285,6.3784261836515865,0.7668805803571429,19.157606227218494,17.448963165283203,0.9850380992299411,1.9985603616227083,0.5692156077810092,3.0035816974239253,2.915008171903805,0.6856381075216805,7168.0,True,86
dc_cnn15,dc_cnn15,sweep_all,cnn.deep_contractive_cnn,pyrat,D,UNSAT,solved,3.986327886581421,6.3784261836515865,0.7668805803571429,19.157606227218494,17.448963165283203,0.9850380992299411,1.9985603616227083,0.5692156077810092,3.0035816974239253,2.915008171903805,0.6856381075216805,7168.0,True,86
dc_cnn16,dc_cnn16,sweep_all,cnn.deep_contractive_cnn,abcrown,"D,P",UNSAT,solved,61.58094096183777,6.396929655216146,0.7791573660714286,25.12383817689305,1.8935675621032715,0.9867620369774666,2.001065002653271,0.5761398623721334,3.262848237598206,1.0624901913714866,0.6865061964469363,7168.0,True,87
dc_cnn16,dc_cnn16,sweep_all,cnn.deep_contractive_cnn,marabou,"S,P",UNSAT,solved,1.9225070476531982,6.396929655216146,0.7791573660714286,25.12383817689305,1.8935675621032715,0.9867620369774666,2.001065002653271,0.5761398623721334,3.262848237598206,1.0624901913714866,0.6865061964469363,7168.0,True,87
dc_cnn16,dc_cnn16,sweep_all,cnn.deep_contractive_cnn,neuralsat,S,UNSAT,solved,245.80102825164795,6.396929655216146,0.7791573660714286,25.12383817689305,1.8935675621032715,0.9867620369774666,2.001065002653271,0.5761398623721334,3.262848237598206,1.0624901913714866,0.6865061964469363,7168.0,True,87
dc_cnn16,dc_cnn16,sweep_all,cnn.deep_contractive_cnn,nnenum,"R,P",UNSAT,solved,2.0397841930389404,6.396929655216146,0.7791573660714286,25.12383817689305,1.8935675621032715,0.9867620369774666,2.001065002653271,0.5761398623721334,3.262848237598206,1.0624901913714866,0.6865061964469363,7168.0,True,87
dc_cnn16,dc_cnn16,sweep_all,cnn.deep_contractive_cnn,pyrat,D,UNSAT,solved,4.023568153381348,6.396929655216146,0.7791573660714286,25.12383817689305,1.8935675621032715,0.9867620369774666,2.001065002653271,0.5761398623721334,3.262848237598206,1.0624901913714866,0.6865061964469363,7168.0,True,87
dc_cnn17,dc_cnn17,sweep_all,cnn.deep_contractive_cnn,abcrown,"D,P",UNSAT,solved,63.454668283462524,6.375024819828097,0.7791573660714286,18.69648163233593,4.219228744506836,0.9867620558512772,1.9980992676206404,0.5761398623721334,2.9804400224501846,1.652349640883951,0.6865062059467205,7168.0,True,88
dc_cnn17,dc_cnn17,sweep_all,cnn.deep_contractive_cnn,marabou,"S,P",UNSAT,solved,1.8873589038848877,6.375024819828097,0.7791573660714286,18.69648163233593,4.219228744506836,0.9867620558512772,1.9980992676206404,0.5761398623721334,2.9804400224501846,1.652349640883951,0.6865062059467205,7168.0,True,88
dc_cnn17,dc_cnn17,sweep_all,cnn.deep_contractive_cnn,neuralsat,S,UNSAT,solved,280.59838795661926,6.375024819828097,0.7791573660714286,18.69648163233593,4.219228744506836,0.9867620558512772,1.9980992676206404,0.5761398623721334,2.9804400224501846,1.652349640883951,0.6865062059467205,7168.0,True,88
dc_cnn17,dc_cnn17,sweep_all,cnn.deep_contractive_cnn,nnenum,"R,P",UNSAT,solved,2.0244836807250977,6.375024819828097,0.7791573660714286,18.69648163233593,4.219228744506836,0.9867620558512772,1.9980992676206404,0.5761398623721334,2.9804400224501846,1.652349640883951,0.6865062059467205,7168.0,True,88
dc_cnn17,dc_cnn17,sweep_all,cnn.deep_contractive_cnn,pyrat,D,UNSAT,solved,3.704149007797241,6.375024819828097,0.7791573660714286,18.69648163233593,4.219228744506836,0.9867620558512772,1.9980992676206404,0.5761398623721334,2.9804400224501846,1.652349640883951,0.6865062059467205,7168.0,True,88
dc_cnn18,dc_cnn18,sweep_all,cnn.deep_contractive_cnn,abcrown,"D,P",UNSAT,solved,62.35393524169922,6.375024819828097,0.7791573660714286,17.871393614370323,8.553565979003906,0.986762024443015,1.9980992676206404,0.5761398623721334,2.937647210091177,2.256914485738674,0.6865061901379516,7168.0,True,89
dc_cnn18,dc_cnn18,sweep_all,cnn.deep_contractive_cnn,marabou,"S,P",UNSAT,solved,1.9205448627471924,6.375024819828097,0.7791573660714286,17.871393614370323,8.553565979003906,0.986762024443015,1.9980992676206404,0.5761398623721334,2.937647210091177,2.256914485738674,0.6865061901379516,7168.0,True,89
dc_cnn18,dc_cnn18,sweep_all,cnn.deep_contractive_cnn,neuralsat,S,UNSAT,solved,220.69444918632507,6.375024819828097,0.7791573660714286,17.871393614370323,8.553565979003906,0.986762024443015,1.9980992676206404,0.5761398623721334,2.937647210091177,2.256914485738674,0.6865061901379516,7168.0,True,89
dc_cnn18,dc_cnn18,sweep_all,cnn.deep_contractive_cnn,nnenum,"R,P",UNSAT,solved,2.0537095069885254,6.375024819828097,0.7791573660714286,17.871393614370323,8.553565979003906,0.986762024443015,1.9980992676206404,0.5761398623721334,2.937647210091177,2.256914485738674,0.6865061901379516,7168.0,True,89
dc_cnn18,dc_cnn18,sweep_all,cnn.deep_contractive_cnn,pyrat,D,UNSAT,solved,3.9684250354766846,6.375024819828097,0.7791573660714286,17.871393614370323,8.553565979003906,0.986762024443015,1.9980992676206404,0.5761398623721334,2.937647210091177,2.256914485738674,0.6865061901379516,7168.0,True,89
dc_cnn19,dc_cnn19,sweep_all,cnn.deep_contractive_cnn,abcrown,"D,P",UNSAT,solved,64.93008160591125,6.385194398997726,0.7791573660714286,22.362671911572995,11.831341743469238,0.9867620313267818,1.999477239130146,0.5761398623721334,3.1511395311954,2.551890751762019,0.6865061936027684,7168.0,True,90
dc_cnn19,dc_cnn19,sweep_all,cnn.deep_contractive_cnn,marabou,"S,P",UNSAT,solved,1.875415325164795,6.385194398997726,0.7791573660714286,22.362671911572995,11.831341743469238,0.9867620313267818,1.999477239130146,0.5761398623721334,3.1511395311954,2.551890751762019,0.6865061936027684,7168.0,True,90
dc_cnn19,dc_cnn19,sweep_all,cnn.deep_contractive_cnn,neuralsat,S,UNSAT,solved,247.3182978630066,6.385194398997726,0.7791573660714286,22.362671911572995,11.831341743469238,0.9867620313267818,1.999477239130146,0.5761398623721334,3.1511395311954,2.551890751762019,0.6865061936027684,7168.0,True,90
dc_cnn19,dc_cnn19,sweep_all,cnn.deep_contractive_cnn,nnenum,"R,P",UNSAT,solved,2.2869508266448975,6.385194398997726,0.7791573660714286,22.362671911572995,11.831341743469238,0.9867620313267818,1.999477239130146,0.5761398623721334,3.1511395311954,2.551890751762019,0.6865061936027684,7168.0,True,90
dc_cnn19,dc_cnn19,sweep_all,cnn.deep_contractive_cnn,pyrat,D,UNSAT,solved,4.08185601234436,6.385194398997726,0.7791573660714286,22.362671911572995,11.831341743469238,0.9867620313267818,1.999477239130146,0.5761398623721334,3.1511395311954,2.551890751762019,0.6865061936027684,7168.0,True,90
dc_cnn20,dc_cnn20,sweep_all,cnn.deep_contractive_cnn,abcrown,"D,P",UNSAT,solved,67.25791835784912,6.396929655216146,0.7791573660714286,24.88881182819812,14.257664680480957,0.9867620177377672,2.001065002653271,0.5761398623721334,3.2538108996318456,2.725081978790092,0.6865061867629888,7168.0,True,91
dc_cnn20,dc_cnn20,sweep_all,cnn.deep_contractive_cnn,marabou,"S,P",UNSAT,solved,1.8903148174285889,6.396929655216146,0.7791573660714286,24.88881182819812,14.257664680480957,0.9867620177377672,2.001065002653271,0.5761398623721334,3.2538108996318456,2.725081978790092,0.6865061867629888,7168.0,True,91
dc_cnn20,dc_cnn20,sweep_all,cnn.deep_contractive_cnn,neuralsat,S,UNSAT,solved,248.62638998031616,6.396929655216146,0.7791573660714286,24.88881182819812,14.257664680480957,0.9867620177377672,2.001065002653271,0.5761398623721334,3.2538108996318456,2.725081978790092,0.6865061867629888,7168.0,True,91
dc_cnn20,dc_cnn20,sweep_all,cnn.deep_contractive_cnn,nnenum,"R,P",UNSAT,solved,2.1723146438598633,6.396929655216146,0.7791573660714286,24.88881182819812,14.257664680480957,0.9867620177377672,2.001065002653271,0.5761398623721334,3.2538108996318456,2.725081978790092,0.6865061867629888,7168.0,True,91
dc_cnn20,dc_cnn20,sweep_all,cnn.deep_contractive_cnn,pyrat,D,UNSAT,solved,3.6314618587493896,6.396929655216146,0.7791573660714286,24.88881182819812,14.257664680480957,0.9867620177377672,2.001065002653271,0.5761398623721334,3.2538108996318456,2.725081978790092,0.6865061867629888,7168.0,True,91
dc_cnn21,dc_cnn21,sweep_all,cnn.deep_contractive_cnn,abcrown,"D,P",UNSAT,solved,64.81380295753479,6.396929655216146,0.7668805803571429,22.178626806420034,10.554375648498535,0.9769852161005629,2.001065002653271,0.5692156077810092,3.1432305957090225,2.447064209250371,0.6815730662144212,7168.0,True,92
dc_cnn21,dc_cnn21,sweep_all,cnn.deep_contractive_cnn,marabou,"S,P",UNSAT,solved,1.9112021923065186,6.396929655216146,0.7668805803571429,22.178626806420034,10.554375648498535,0.9769852161005629,2.001065002653271,0.5692156077810092,3.1432305957090225,2.447064209250371,0.6815730662144212,7168.0,True,92
dc_cnn21,dc_cnn21,sweep_all,cnn.deep_contractive_cnn,neuralsat,S,UNSAT,solved,252.3958761692047,6.396929655216146,0.7668805803571429,22.178626806420034,10.554375648498535,0.9769852161005629,2.001065002653271,0.5692156077810092,3.1432305957090225,2.447064209250371,0.6815730662144212,7168.0,True,92
dc_cnn21,dc_cnn21,sweep_all,cnn.deep_contractive_cnn,nnenum,"R,P",UNSAT,solved,2.302863359451294,6.396929655216146,0.7668805803571429,22.178626806420034,10.554375648498535,0.9769852161005629,2.001065002653271,0.5692156077810092,3.1432305957090225,2.447064209250371,0.6815730662144212,7168.0,True,92
dc_cnn21,dc_cnn21,sweep_all,cnn.deep_contractive_cnn,pyrat,D,UNSAT,solved,4.5094828605651855,6.396929655216146,0.7668805803571429,22.178626806420034,10.554375648498535,0.9769852161005629,2.001065002653271,0.5692156077810092,3.1432305957090225,2.447064209250371,0.6815730662144212,7168.0,True,92
dc_cnn22,dc_cnn22,sweep_all,cnn.deep_contractive_cnn,abcrown,"D,P",UNSAT,solved,64.46187567710876,6.391917113392602,0.7668805803571429,22.012932678353128,10.468116760253906,0.9850381113586343,2.0003871212614466,0.5692156077810092,3.136056348266338,2.4395707293656925,0.6856381136317361,7168.0,True,93
dc_cnn22,dc_cnn22,sweep_all,cnn.deep_contractive_cnn,marabou,"S,P",UNSAT,solved,1.872823715209961,6.391917113392602,0.7668805803571429,22.012932678353128,10.468116760253906,0.9850381113586343,2.0003871212614466,0.5692156077810092,3.136056348266338,2.4395707293656925,0.6856381136317361,7168.0,True,93
dc_cnn22,dc_cnn22,sweep_all,cnn.deep_contractive_cnn,neuralsat,S,UNSAT,solved,264.78765892982483,6.391917113392602,0.7668805803571429,22.012932678353128,10.468116760253906,0.9850381113586343,2.0003871212614466,0.5692156077810092,3.136056348266338,2.4395707293656925,0.6856381136317361,7168.0,True,93
dc_cnn22,dc_cnn22,sweep_all,cnn.deep_contractive_cnn,nnenum,"R,P",UNSAT,solved,1.8890726566314697,6.391917113392602,0.7668805803571429,22.012932678353128,10.468116760253906,0.9850381113586343,2.0003871212614466,0.5692156077810092,3.136056348266338,2.4395707293656925,0.6856381136317361,7168.0,True,93
dc_cnn22,dc_cnn22,sweep_all,cnn.deep_contractive_cnn,pyrat,D,UNSAT,solved,4.059847116470337,6.391917113392602,0.7668805803571429,22.012932678353128,10.468116760253906,0.9850381113586343,2.0003871212614466,0.5692156077810092,3.136056348266338,2.4395707293656925,0.6856381136317361,7168.0,True,93
dc_cnn23,dc_cnn23,sweep_all,cnn.deep_contractive_cnn,abcrown,"D,P",UNSAT,solved,63.79093408584595,6.386879319362645,0.7668805803571429,21.56916490542023,10.468119621276855,0.9850381154478411,1.9997053615189657,0.5692156077810092,3.116584589942006,2.4395709788419278,0.6856381156917504,7168.0,True,94
dc_cnn23,dc_cnn23,sweep_all,cnn.deep_contractive_cnn,marabou,"S,P",UNSAT,solved,1.8955726623535156,6.386879319362645,0.7668805803571429,21.56916490542023,10.468119621276855,0.9850381154478411,1.9997053615189657,0.5692156077810092,3.116584589942006,2.4395709788419278,0.6856381156917504,7168.0,True,94
dc_cnn23,dc_cnn23,sweep_all,cnn.deep_contractive_cnn,neuralsat,S,UNSAT,solved,270.0707597732544,6.386879319362645,0.7668805803571429,21.56916490542023,10.468119621276855,0.9850381154478411,1.9997053615189657,0.5692156077810092,3.116584589942006,2.4395709788419278,0.6856381156917504,7168.0,True,94
dc_cnn23,dc_cnn23,sweep_all,cnn.deep_contractive_cnn,nnenum,"R,P",UNSAT,solved,1.9518852233886719,6.386879319362645,0.7668805803571429,21.56916490542023,10.468119621276855,0.9850381154478411,1.9997053615189657,0.5692156077810092,3.116584589942006,2.4395709788419278,0.6856381156917504,7168.0,True,94
dc_cnn23,dc_cnn23,sweep_all,cnn.deep_contractive_cnn,pyrat,D,UNSAT,solved,4.029047966003418,6.386879319362645,0.7668805803571429,21.56916490542023,10.468119621276855,0.9850381154478411,1.9997053615189657,0.5692156077810092,3.116584589942006,2.4395709788419278,0.6856381156917504,7168.0,True,94
dc_cnn24,dc_cnn24,sweep_all,cnn.deep_contractive_cnn,abcrown,"D,P",UNSAT,solved,63.39261603355408,6.393590753950631,0.7668805803571429,21.586878705181395,10.468095779418945,0.9850380813710489,2.0006135105853975,0.5692156077810092,3.117369149405299,2.4395688998714005,0.6856380985249302,7168.0,True,95
dc_cnn24,dc_cnn24,sweep_all,cnn.deep_contractive_cnn,marabou,"S,P",UNSAT,solved,1.8957221508026123,6.393590753950631,0.7668805803571429,21.586878705181395,10.468095779418945,0.9850380813710489,2.0006135105853975,0.5692156077810092,3.117369149405299,2.4395688998714005,0.6856380985249302,7168.0,True,95
dc_cnn24,dc_cnn24,sweep_all,cnn.deep_contractive_cnn,neuralsat,S,UNSAT,solved,275.58240270614624,6.393590753950631,0.7668805803571429,21.586878705181395,10.468095779418945,0.9850380813710489,2.0006135105853975,0.5692156077810092,3.117369149405299,2.4395688998714005,0.6856380985249302,7168.0,True,95
dc_cnn24,dc_cnn24,sweep_all,cnn.deep_contractive_cnn,nnenum,"R,P",UNSAT,solved,1.8614063262939453,6.393590753950631,0.7668805803571429,21.586878705181395,10.468095779418945,0.9850380813710489,2.0006135105853975,0.5692156077810092,3.117369149405299,2.4395688998714005,0.6856380985249302,7168.0,True,95
dc_cnn24,dc_cnn24,sweep_all,cnn.deep_contractive_cnn,pyrat,D,UNSAT,solved,4.102635145187378,6.393590753950631,0.7668805803571429,21.586878705181395,10.468095779418945,0.9850380813710489,2.0006135105853975,0.5692156077810092,3.117369149405299,2.4395688998714005,0.6856380985249302,7168.0,True,95
dc_cnn25,dc_cnn25,sweep_all,cnn.deep_contractive_cnn,abcrown,"D,P",UNSAT,solved,64.75831580162048,6.396929655216146,0.7668805803571429,22.898761827522684,10.468104362487793,0.985038093638712,2.001065002653271,0.5692156077810092,3.173826651215664,2.4395696483012883,0.6856381047049945,7168.0,True,96
dc_cnn25,dc_cnn25,sweep_all,cnn.deep_contractive_cnn,marabou,"S,P",UNSAT,solved,1.9083278179168701,6.396929655216146,0.7668805803571429,22.898761827522684,10.468104362487793,0.985038093638712,2.001065002653271,0.5692156077810092,3.173826651215664,2.4395696483012883,0.6856381047049945,7168.0,True,96
dc_cnn25,dc_cnn25,sweep_all,cnn.deep_contractive_cnn,neuralsat,S,UNSAT,solved,279.08232951164246,6.396929655216146,0.7668805803571429,22.898761827522684,10.468104362487793,0.985038093638712,2.001065002653271,0.5692156077810092,3.173826651215664,2.4395696483012883,0.6856381047049945,7168.0,True,96
dc_cnn25,dc_cnn25,sweep_all,cnn.deep_contractive_cnn,nnenum,"R,P",UNSAT,solved,1.871528148651123,6.396929655216146,0.7668805803571429,22.898761827522684,10.468104362487793,0.985038093638712,2.001065002653271,0.5692156077810092,3.173826651215664,2.4395696483012883,0.6856381047049945,7168.0,True,96
dc_cnn25,dc_cnn25,sweep_all,cnn.deep_contractive_cnn,pyrat,D,UNSAT,solved,3.9018120765686035,6.396929655216146,0.7668805803571429,22.898761827522684,10.468104362487793,0.985038093638712,2.001065002653271,0.5692156077810092,3.173826651215664,2.4395696483012883,0.6856381047049945,7168.0,True,96
dc_cnn26,dc_cnn26,sweep_all,cnn.deep_contractive_cnn,abcrown,"D,P",UNSAT,solved,63.390686988830566,6.371611847231857,0.7791573660714286,19.90189775686817,8.643367767333984,0.9765110144805996,1.9976363861196942,0.5761398623721334,3.039839956612562,2.266270401070626,0.6813331764588325,7168.0,True,97
dc_cnn26,dc_cnn26,sweep_all,cnn.deep_contractive_cnn,marabou,"S,P",UNSAT,solved,1.8890056610107422,6.371611847231857,0.7791573660714286,19.90189775686817,8.643367767333984,0.9765110144805996,1.9976363861196942,0.5761398623721334,3.039839956612562,2.266270401070626,0.6813331764588325,7168.0,True,97
dc_cnn26,dc_cnn26,sweep_all,cnn.deep_contractive_cnn,neuralsat,S,UNSAT,solved,222.49048256874084,6.371611847231857,0.7791573660714286,19.90189775686817,8.643367767333984,0.9765110144805996,1.9976363861196942,0.5761398623721334,3.039839956612562,2.266270401070626,0.6813331764588325,7168.0,True,97
dc_cnn26,dc_cnn26,sweep_all,cnn.deep_contractive_cnn,nnenum,"R,P",UNSAT,solved,1.7897765636444092,6.371611847231857,0.7791573660714286,19.90189775686817,8.643367767333984,0.9765110144805996,1.9976363861196942,0.5761398623721334,3.039839956612562,2.266270401070626,0.6813331764588325,7168.0,True,97
dc_cnn26,dc_cnn26,sweep_all,cnn.deep_contractive_cnn,pyrat,D,UNSAT,solved,4.105768918991089,6.371611847231857,0.7791573660714286,19.90189775686817,8.643367767333984,0.9765110144805996,1.9976363861196942,0.5761398623721334,3.039839956612562,2.266270401070626,0.6813331764588325,7168.0,True,97
dc_cnn27,dc_cnn27,sweep_all,cnn.deep_contractive_cnn,abcrown,"D,P",UNSAT,solved,65.04866981506348,6.385194398997726,0.7791573660714286,17.108100225558534,8.553546905517578,0.9867619949237584,1.999477239130146,0.5761398623721334,2.896359364435716,2.256912489258468,0.6865061752799784,7168.0,True,98
dc_cnn27,dc_cnn27,sweep_all,cnn.deep_contractive_cnn,marabou,"S,P",UNSAT,solved,1.9340455532073975,6.385194398997726,0.7791573660714286,17.108100225558534,8.553546905517578,0.9867619949237584,1.999477239130146,0.5761398623721334,2.896359364435716,2.256912489258468,0.6865061752799784,7168.0,True,98
dc_cnn27,dc_cnn27,sweep_all,cnn.deep_contractive_cnn,neuralsat,S,UNSAT,solved,239.214350938797,6.385194398997726,0.7791573660714286,17.108100225558534,8.553546905517578,0.9867619949237584,1.999477239130146,0.5761398623721334,2.896359364435716,2.256912489258468,0.6865061752799784,7168.0,True,98
dc_cnn27,dc_cnn27,sweep_all,cnn.deep_contractive_cnn,nnenum,"R,P",UNSAT,solved,1.811084508895874,6.385194398997726,0.7791573660714286,17.108100225558534,8.553546905517578,0.9867619949237584,1.999477239130146,0.5761398623721334,2.896359364435716,2.256912489258468,0.6865061752799784,7168.0,True,98
dc_cnn27,dc_cnn27,sweep_all,cnn.deep_contractive_cnn,pyrat,D,UNSAT,solved,4.059224843978882,6.385194398997726,0.7791573660714286,17.108100225558534,8.553546905517578,0.9867619949237584,1.999477239130146,0.5761398623721334,2.896359364435716,2.256912489258468,0.6865061752799784,7168.0,True,98
dc_cnn28,dc_cnn28,sweep_all,cnn.deep_contractive_cnn,abcrown,"D,P",UNSAT,solved,64.24283742904663,6.375024819828097,0.7791573660714286,17.60138440506563,8.5535888671875,0.986762059865949,1.9980992676206404,0.5761398623721334,2.923236008329225,2.2569168815096585,0.6865062079674314,7168.0,True,99
dc_cnn28,dc_cnn28,sweep_all,cnn.deep_contractive_cnn,marabou,"S,P",UNSAT,solved,1.9109313488006592,6.375024819828097,0.7791573660714286,17.60138440506563,8.5535888671875,0.986762059865949,1.9980992676206404,0.5761398623721334,2.923236008329225,2.2569168815096585,0.6865062079674314,7168.0,True,99
dc_cnn28,dc_cnn28,sweep_all,cnn.deep_contractive_cnn,neuralsat,S,UNSAT,solved,246.24245977401733,6.375024819828097,0.7791573660714286,17.60138440506563,8.5535888671875,0.986762059865949,1.9980992676206404,0.5761398623721334,2.923236008329225,2.2569168815096585,0.6865062079674314,7168.0,True,99
dc_cnn28,dc_cnn28,sweep_all,cnn.deep_contractive_cnn,nnenum,"R,P",UNSAT,solved,2.013680934906006,6.375024819828097,0.7791573660714286,17.60138440506563,8.5535888671875,0.986762059865949,1.9980992676206404,0.5761398623721334,2.923236008329225,2.2569168815096585,0.6865062079674314,7168.0,True,99
dc_cnn28,dc_cnn28,sweep_all,cnn.deep_contractive_cnn,pyrat,D,UNSAT,solved,3.733827829360962,6.375024819828097,0.7791573660714286,17.60138440506563,8.5535888671875,0.986762059865949,1.9980992676206404,0.5761398623721334,2.923236008329225,2.2569168815096585,0.6865062079674314,7168.0,True,99
dc_cnn29,dc_cnn29,sweep_all,cnn.deep_contractive_cnn,abcrown,"D,P",UNSAT,solved,62.9767165184021,6.380122536899765,0.7791573660714286,18.07658491588982,8.553560256958008,0.9867620155872517,1.9987902423904949,0.5761398623721334,2.94846166236314,2.2569138867950307,0.6865061856805665,7168.0,True,100
dc_cnn29,dc_cnn29,sweep_all,cnn.deep_contractive_cnn,marabou,"S,P",UNSAT,solved,1.9119932651519775,6.380122536899765,0.7791573660714286,18.07658491588982,8.553560256958008,0.9867620155872517,1.9987902423904949,0.5761398623721334,2.94846166236314,2.2569138867950307,0.6865061856805665,7168.0,True,100
dc_cnn29,dc_cnn29,sweep_all,cnn.deep_contractive_cnn,neuralsat,S,UNSAT,solved,242.64213371276855,6.380122536899765,0.7791573660714286,18.07658491588982,8.553560256958008,0.9867620155872517,1.9987902423904949,0.5761398623721334,2.94846166236314,2.2569138867950307,0.6865061856805665,7168.0,True,100
dc_cnn29,dc_cnn29,sweep_all,cnn.deep_contractive_cnn,nnenum,"R,P",UNSAT,solved,1.8249773979187012,6.380122536899765,0.7791573660714286,18.07658491588982,8.553560256958008,0.9867620155872517,1.9987902423904949,0.5761398623721334,2.94846166236314,2.2569138867950307,0.6865061856805665,7168.0,True,100
dc_cnn29,dc_cnn29,sweep_all,cnn.deep_contractive_cnn,pyrat,D,UNSAT,solved,4.006242036819458,6.380122536899765,0.7791573660714286,18.07658491588982,8.553560256958008,0.9867620155872517,1.9987902423904949,0.5761398623721334,2.94846166236314,2.2569138867950307,0.6865061856805665,7168.0,True,100
dc_cnn30,dc_cnn30,sweep_all,cnn.deep_contractive_cnn,abcrown,"D,P",UNSAT,solved,68.34184694290161,6.3835066348840055,0.7791573660714286,18.29254446255188,8.55358600616455,0.9867620554380927,1.999248679540891,0.5761398623721334,2.9597187240017213,2.2569165820385995,0.6865062057387518,7168.0,True,101
dc_cnn30,dc_cnn30,sweep_all,cnn.deep_contractive_cnn,marabou,"S,P",UNSAT,solved,1.8925814628601074,6.3835066348840055,0.7791573660714286,18.29254446255188,8.55358600616455,0.9867620554380927,1.999248679540891,0.5761398623721334,2.9597187240017213,2.2569165820385995,0.6865062057387518,7168.0,True,101
dc_cnn30,dc_cnn30,sweep_all,cnn.deep_contractive_cnn,neuralsat,S,UNSAT,solved,245.53836250305176,6.3835066348840055,0.7791573660714286,18.29254446255188,8.55358600616455,0.9867620554380927,1.999248679540891,0.5761398623721334,2.9597187240017213,2.2569165820385995,0.6865062057387518,7168.0,True,101
dc_cnn30,dc_cnn30,sweep_all,cnn.deep_contractive_cnn,nnenum,"R,P",UNSAT,solved,1.952564001083374,6.3835066348840055,0.7791573660714286,18.29254446255188,8.55358600616455,0.9867620554380927,1.999248679540891,0.5761398623721334,2.9597187240017213,2.2569165820385995,0.6865062057387518,7168.0,True,101
dc_cnn30,dc_cnn30,sweep_all,cnn.deep_contractive_cnn,pyrat,D,UNSAT,solved,4.4010910987854,6.3835066348840055,0.7791573660714286,18.29254446255188,8.55358600616455,0.9867620554380927,1.999248679540891,0.5761398623721334,2.9597187240017213,2.2569165820385995,0.6865062057387518,7168.0,True,101
dc_cnn31,dc_cnn31,sweep_all,cnn.deep_contractive_cnn,abcrown,"D,P",UNSAT,solved,51.40294289588928,5.814130531825066,0.5029296875,6.915454793292204,218.73361206054688,0.9165460376286518,1.9189984754722385,0.40741632823942614,2.0688171513527567,5.3924159584057785,0.6505246272711412,7168.0,True,102
dc_cnn31,dc_cnn31,sweep_all,cnn.deep_contractive_cnn,marabou,"S,P",UNSAT,solved,1.871711015701294,5.814130531825066,0.5029296875,6.915454793292204,218.73361206054688,0.9165460376286518,1.9189984754722385,0.40741632823942614,2.0688171513527567,5.3924159584057785,0.6505246272711412,7168.0,True,102
dc_cnn31,dc_cnn31,sweep_all,cnn.deep_contractive_cnn,neuralsat,S,UNSAT,solved,167.39444231987,5.814130531825066,0.5029296875,6.915454793292204,218.73361206054688,0.9165460376286518,1.9189984754722385,0.40741632823942614,2.0688171513527567,5.3924159584057785,0.6505246272711412,7168.0,True,102
dc_cnn31,dc_cnn31,sweep_all,cnn.deep_contractive_cnn,nnenum,"R,P",UNSAT,solved,1.9348266124725342,5.814130531825066,0.5029296875,6.915454793292204,218.73361206054688,0.9165460376286518,1.9189984754722385,0.40741632823942614,2.0688171513527567,5.3924159584057785,0.6505246272711412,7168.0,True,102
dc_cnn31,dc_cnn31,sweep_all,cnn.deep_contractive_cnn,pyrat,D,UNSAT,solved,3.300801992416382,5.814130531825066,0.5029296875,6.915454793292204,218.73361206054688,0.9165460376286518,1.9189984754722385,0.40741632823942614,2.0688171513527567,5.3924159584057785,0.6505246272711412,7168.0,True,102
dc_cnn32,dc_cnn32,sweep_all,cnn.deep_contractive_cnn,abcrown,"D,P",UNSAT,solved,70.01280570030212,5.929589143389895,0.7169363839285714,10.083177225947475,67.64002990722656,0.9826667883855572,1.935800524776163,0.5405415305175703,2.4054283934576413,4.228875890890954,0.6844428013213021,7168.0,True,103
dc_cnn32,dc_cnn32,sweep_all,cnn.deep_contractive_cnn,marabou,"S,P",UNSAT,solved,1.9012837409973145,5.929589143389895,0.7169363839285714,10.083177225947475,67.64002990722656,0.9826667883855572,1.935800524776163,0.5405415305175703,2.4054283934576413,4.228875890890954,0.6844428013213021,7168.0,True,103
dc_cnn32,dc_cnn32,sweep_all,cnn.deep_contractive_cnn,neuralsat,S,UNSAT,solved,200.31829118728638,5.929589143389895,0.7169363839285714,10.083177225947475,67.64002990722656,0.9826667883855572,1.935800524776163,0.5405415305175703,2.4054283934576413,4.228875890890954,0.6844428013213021,7168.0,True,103
dc_cnn32,dc_cnn32,sweep_all,cnn.deep_contractive_cnn,nnenum,"R,P",UNSAT,solved,1.8046798706054688,5.929589143389895,0.7169363839285714,10.083177225947475,67.64002990722656,0.9826667883855572,1.935800524776163,0.5405415305175703,2.4054283934576413,4.228875890890954,0.6844428013213021,7168.0,True,103
dc_cnn32,dc_cnn32,sweep_all,cnn.deep_contractive_cnn,pyrat,D,UNSAT,solved,4.206170082092285,5.929589143389895,0.7169363839285714,10.083177225947475,67.64002990722656,0.9826667883855572,1.935800524776163,0.5405415305175703,2.4054283934576413,4.228875890890954,0.6844428013213021,7168.0,True,103
dc_cnn33,dc_cnn33,sweep_all,cnn.deep_contractive_cnn,abcrown,"D,P",UNSAT,solved,87.13272953033447,6.391917113392602,0.7668805803571429,22.94875292699445,10.468095779418945,0.9850380813710489,2.0003871212614466,0.5692156077810092,3.1759162526471485,2.4395688998714005,0.6856380985249302,7168.0,True,104
dc_cnn33,dc_cnn33,sweep_all,cnn.deep_contractive_cnn,marabou,"S,P",UNSAT,solved,1.9186058044433594,6.391917113392602,0.7668805803571429,22.94875292699445,10.468095779418945,0.9850380813710489,2.0003871212614466,0.5692156077810092,3.1759162526471485,2.4395688998714005,0.6856380985249302,7168.0,True,104
dc_cnn33,dc_cnn33,sweep_all,cnn.deep_contractive_cnn,neuralsat,S,UNSAT,solved,243.7462775707245,6.391917113392602,0.7668805803571429,22.94875292699445,10.468095779418945,0.9850380813710489,2.0003871212614466,0.5692156077810092,3.1759162526471485,2.4395688998714005,0.6856380985249302,7168.0,True,104
dc_cnn33,dc_cnn33,sweep_all,cnn.deep_contractive_cnn,nnenum,"R,P",UNSAT,solved,1.8563599586486816,6.391917113392602,0.7668805803571429,22.94875292699445,10.468095779418945,0.9850380813710489,2.0003871212614466,0.5692156077810092,3.1759162526471485,2.4395688998714005,0.6856380985249302,7168.0,True,104
dc_cnn33,dc_cnn33,sweep_all,cnn.deep_contractive_cnn,pyrat,D,UNSAT,solved,4.359101057052612,6.391917113392602,0.7668805803571429,22.94875292699445,10.468095779418945,0.9850380813710489,2.0003871212614466,0.5692156077810092,3.1759162526471485,2.4395688998714005,0.6856380985249302,7168.0,True,104
dc_cnn34,dc_cnn34,sweep_all,cnn.deep_contractive_cnn,abcrown,"D,P",UNSAT,solved,51.127277135849,5.3706380281276624,0.7642299107142857,4.079455286291831,0.2740307152271271,0.4494145424453241,1.8516996259697707,0.5677142839637921,1.625204028733246,0.24218566614280673,0.37115971106710866,7168.0,True,105
dc_cnn34,dc_cnn34,sweep_all,cnn.deep_contractive_cnn,marabou,"S,P",UNSAT,solved,1.8804240226745605,5.3706380281276624,0.7642299107142857,4.079455286291831,0.2740307152271271,0.4494145424453241,1.8516996259697707,0.5677142839637921,1.625204028733246,0.24218566614280673,0.37115971106710866,7168.0,True,105
dc_cnn34,dc_cnn34,sweep_all,cnn.deep_contractive_cnn,neuralsat,S,UNSAT,solved,172.7383794784546,5.3706380281276624,0.7642299107142857,4.079455286291831,0.2740307152271271,0.4494145424453241,1.8516996259697707,0.5677142839637921,1.625204028733246,0.24218566614280673,0.37115971106710866,7168.0,True,105
dc_cnn34,dc_cnn34,sweep_all,cnn.deep_contractive_cnn,nnenum,"R,P",UNSAT,solved,1.9130537509918213,5.3706380281276624,0.7642299107142857,4.079455286291831,0.2740307152271271,0.4494145424453241,1.8516996259697707,0.5677142839637921,1.625204028733246,0.24218566614280673,0.37115971106710866,7168.0,True,105
dc_cnn34,dc_cnn34,sweep_all,cnn.deep_contractive_cnn,pyrat,D,UNSAT,solved,5.152540922164917,5.3706380281276624,0.7642299107142857,4.079455286291831,0.2740307152271271,0.4494145424453241,1.8516996259697707,0.5677142839637921,1.625204028733246,0.24218566614280673,0.37115971106710866,7168.0,True,105
dc_cnn35,dc_cnn35,sweep_all,cnn.deep_contractive_cnn,abcrown,"D,P",UNSAT,solved,47.55502414703369,0.0,0.6287667410714286,0.0,0.15087732672691345,0.0,0.0,0.4878231278823317,0.0,0.14052454432637163,0.0,7168.0,True,106
dc_cnn35,dc_cnn35,sweep_all,cnn.deep_contractive_cnn,marabou,"S,P",UNSAT,solved,1.8554303646087646,0.0,0.6287667410714286,0.0,0.15087732672691345,0.0,0.0,0.4878231278823317,0.0,0.14052454432637163,0.0,7168.0,True,106
dc_cnn35,dc_cnn35,sweep_all,cnn.deep_contractive_cnn,neuralsat,S,UNSAT,solved,130.33448195457458,0.0,0.6287667410714286,0.0,0.15087732672691345,0.0,0.0,0.4878231278823317,0.0,0.14052454432637163,0.0,7168.0,True,106
dc_cnn35,dc_cnn35,sweep_all,cnn.deep_contractive_cnn,nnenum,"R,P",UNSAT,solved,1.8143267631530762,0.0,0.6287667410714286,0.0,0.15087732672691345,0.0,0.0,0.4878231278823317,0.0,0.14052454432637163,0.0,7168.0,True,106
dc_cnn35,dc_cnn35,sweep_all,cnn.deep_contractive_cnn,pyrat,D,UNSAT,solved,4.009666204452515,0.0,0.6287667410714286,0.0,0.15087732672691345,0.0,0.0,0.4878231278823317,0.0,0.14052454432637163,0.0,7168.0,True,106
dc_cnn36,dc_cnn36,sweep_all,cnn.deep_contractive_cnn,abcrown,"D,P",UNSAT,solved,59.252530097961426,5.652489180268651,0.5075334821428571,5.831617176103249,186.86489868164062,0.9167135223573811,1.8949910974525486,0.41047485974924464,1.9215614209735759,5.235723080462101,0.6506120122896691,7168.0,True,107
dc_cnn36,dc_cnn36,sweep_all,cnn.deep_contractive_cnn,marabou,"S,P",UNSAT,solved,1.9189453125,5.652489180268651,0.5075334821428571,5.831617176103249,186.86489868164062,0.9167135223573811,1.8949910974525486,0.41047485974924464,1.9215614209735759,5.235723080462101,0.6506120122896691,7168.0,True,107
dc_cnn36,dc_cnn36,sweep_all,cnn.deep_contractive_cnn,neuralsat,S,UNSAT,solved,161.21008777618408,5.652489180268651,0.5075334821428571,5.831617176103249,186.86489868164062,0.9167135223573811,1.8949910974525486,0.41047485974924464,1.9215614209735759,5.235723080462101,0.6506120122896691,7168.0,True,107
dc_cnn36,dc_cnn36,sweep_all,cnn.deep_contractive_cnn,nnenum,"R,P",UNSAT,solved,1.727823257446289,5.652489180268651,0.5075334821428571,5.831617176103249,186.86489868164062,0.9167135223573811,1.8949910974525486,0.41047485974924464,1.9215614209735759,5.235723080462101,0.6506120122896691,7168.0,True,107
dc_cnn36,dc_cnn36,sweep_all,cnn.deep_contractive_cnn,pyrat,D,UNSAT,solved,3.604412794113159,5.652489180268651,0.5075334821428571,5.831617176103249,186.86489868164062,0.9167135223573811,1.8949910974525486,0.41047485974924464,1.9215614209735759,5.235723080462101,0.6506120122896691,7168.0,True,107
dc_cnn37,dc_cnn37,sweep_all,cnn.deep_contractive_cnn,abcrown,"D,P",UNSAT,solved,43.34339880943298,6.16541785423142,0.7293526785714286,12.159454461912759,56.974632263183594,0.9840818028860885,1.969266378383766,0.5477471642528725,2.577140470775971,4.060005540097478,0.685156239306086,7168.0,True,108
dc_cnn37,dc_cnn37,sweep_all,cnn.deep_contractive_cnn,marabou,"S,P",UNSAT,solved,1.8792743682861328,6.16541785423142,0.7293526785714286,12.159454461912759,56.974632263183594,0.9840818028860885,1.969266378383766,0.5477471642528725,2.577140470775971,4.060005540097478,0.685156239306086,7168.0,True,108
dc_cnn37,dc_cnn37,sweep_all,cnn.deep_contractive_cnn,neuralsat,S,UNSAT,solved,206.22222685813904,6.16541785423142,0.7293526785714286,12.159454461912759,56.974632263183594,0.9840818028860885,1.969266378383766,0.5477471642528725,2.577140470775971,4.060005540097478,0.685156239306086,7168.0,True,108
dc_cnn37,dc_cnn37,sweep_all,cnn.deep_contractive_cnn,nnenum,"R,P",UNSAT,solved,1.8510007858276367,6.16541785423142,0.7293526785714286,12.159454461912759,56.974632263183594,0.9840818028860885,1.969266378383766,0.5477471642528725,2.577140470775971,4.060005540097478,0.685156239306086,7168.0,True,108
dc_cnn37,dc_cnn37,sweep_all,cnn.deep_contractive_cnn,pyrat,D,UNSAT,solved,3.767597198486328,6.16541785423142,0.7293526785714286,12.159454461912759,56.974632263183594,0.9840818028860885,1.969266378383766,0.5477471642528725,2.577140470775971,4.060005540097478,0.685156239306086,7168.0,True,108
dc_cnn38,dc_cnn38,sweep_all,cnn.deep_contractive_cnn,abcrown,"D,P",UNSAT,solved,48.728861570358276,6.385194398997726,0.7791573660714286,18.958062285241155,8.553572654724121,0.9867620347747236,1.999477239130146,0.5761398623721334,2.993633186273022,2.2569151845058038,0.6865061953382263,7168.0,True,109
dc_cnn38,dc_cnn38,sweep_all,cnn.deep_contractive_cnn,marabou,"S,P",UNSAT,solved,1.9016180038452148,6.385194398997726,0.7791573660714286,18.958062285241155,8.553572654724121,0.9867620347747236,1.999477239130146,0.5761398623721334,2.993633186273022,2.2569151845058038,0.6865061953382263,7168.0,True,109
dc_cnn38,dc_cnn38,sweep_all,cnn.deep_contractive_cnn,neuralsat,S,UNSAT,solved,242.09838271141052,6.385194398997726,0.7791573660714286,18.958062285241155,8.553572654724121,0.9867620347747236,1.999477239130146,0.5761398623721334,2.993633186273022,2.2569151845058038,0.6865061953382263,7168.0,True,109
dc_cnn38,dc_cnn38,sweep_all,cnn.deep_contractive_cnn,nnenum,"R,P",UNSAT,solved,1.8966400623321533,6.385194398997726,0.7791573660714286,18.958062285241155,8.553572654724121,0.9867620347747236,1.999477239130146,0.5761398623721334,2.993633186273022,2.2569151845058038,0.6865061953382263,7168.0,True,109
dc_cnn38,dc_cnn38,sweep_all,cnn.deep_contractive_cnn,pyrat,D,UNSAT,solved,3.997628927230835,6.385194398997726,0.7791573660714286,18.958062285241155,8.553572654724121,0.9867620347747236,1.999477239130146,0.5761398623721334,2.993633186273022,2.2569151845058038,0.6865061953382263,7168.0,True,109
dc_cnn39,dc_cnn39,sweep_all,cnn.deep_contractive_cnn,abcrown,"D,P",UNSAT,solved,41.640665769577026,6.030685260261263,0.7779017857142857,10.874714386255734,0.19668519496917725,0.42910108247782486,1.9502841776383666,0.575433896935118,2.474411297947731,0.17955539697336426,0.3570456329595445,7168.0,True,110
dc_cnn39,dc_cnn39,sweep_all,cnn.deep_contractive_cnn,marabou,"S,P",UNSAT,solved,1.864955186843872,6.030685260261263,0.7779017857142857,10.874714386255734,0.19668519496917725,0.42910108247782486,1.9502841776383666,0.575433896935118,2.474411297947731,0.17955539697336426,0.3570456329595445,7168.0,True,110
dc_cnn39,dc_cnn39,sweep_all,cnn.deep_contractive_cnn,neuralsat,S,UNSAT,solved,199.20230531692505,6.030685260261263,0.7779017857142857,10.874714386255734,0.19668519496917725,0.42910108247782486,1.9502841776383666,0.575433896935118,2.474411297947731,0.17955539697336426,0.3570456329595445,7168.0,True,110
dc_cnn39,dc_cnn39,sweep_all,cnn.deep_contractive_cnn,nnenum,"R,P",UNSAT,solved,1.9323749542236328,6.030685260261263,0.7779017857142857,10.874714386255734,0.19668519496917725,0.42910108247782486,1.9502841776383666,0.575433896935118,2.474411297947731,0.17955539697336426,0.3570456329595445,7168.0,True,110
dc_cnn39,dc_cnn39,sweep_all,cnn.deep_contractive_cnn,pyrat,D,UNSAT,solved,4.682677984237671,6.030685260261263,0.7779017857142857,10.874714386255734,0.19668519496917725,0.42910108247782486,1.9502841776383666,0.575433896935118,2.474411297947731,0.17955539697336426,0.3570456329595445,7168.0,True,110
dc_cnn40,dc_cnn40,sweep_all,cnn.deep_contractive_cnn,abcrown,"D,P",UNSAT,solved,33.105677366256714,0.0,0.6411830357142857,0.0,0.11228736490011215,0.0,0.0,0.4954173450191192,0.0,0.10641858411602438,0.0,7168.0,True,111
dc_cnn40,dc_cnn40,sweep_all,cnn.deep_contractive_cnn,marabou,"S,P",UNSAT,solved,1.9142680168151855,0.0,0.6411830357142857,0.0,0.11228736490011215,0.0,0.0,0.4954173450191192,0.0,0.10641858411602438,0.0,7168.0,True,111
dc_cnn40,dc_cnn40,sweep_all,cnn.deep_contractive_cnn,neuralsat,S,UNSAT,solved,140.36241507530212,0.0,0.6411830357142857,0.0,0.11228736490011215,0.0,0.0,0.4954173450191192,0.0,0.10641858411602438,0.0,7168.0,True,111
dc_cnn40,dc_cnn40,sweep_all,cnn.deep_contractive_cnn,nnenum,"R,P",UNSAT,solved,1.9089529514312744,0.0,0.6411830357142857,0.0,0.11228736490011215,0.0,0.0,0.4954173450191192,0.0,0.10641858411602438,0.0,7168.0,True,111
dc_cnn40,dc_cnn40,sweep_all,cnn.deep_contractive_cnn,pyrat,D,UNSAT,solved,3.63217830657959,0.0,0.6411830357142857,0.0,0.11228736490011215,0.0,0.0,0.4954173450191192,0.0,0.10641858411602438,0.0,7168.0,True,111
dc_cnn41,dc_cnn41,sweep_all,cnn.deep_contractive_cnn,abcrown,"D,P",UNSAT,solved,41.623125314712524,6.396929655216146,0.6713169642857143,37.12320934355852,0.15410427749156952,0.5360043543798121,2.001065002653271,0.5136119170146739,3.6408232657867337,0.14332452578131818,0.4291844696041523,1792.0,True,112
dc_cnn41,dc_cnn41,sweep_all,cnn.deep_contractive_cnn,marabou,"S,P",UNSAT,solved,0.18086504936218262,6.396929655216146,0.6713169642857143,37.12320934355852,0.15410427749156952,0.5360043543798121,2.001065002653271,0.5136119170146739,3.6408232657867337,0.14332452578131818,0.4291844696041523,1792.0,True,112
dc_cnn41,dc_cnn41,sweep_all,cnn.deep_contractive_cnn,neuralsat,S,UNSAT,solved,155.8663694858551,6.396929655216146,0.6713169642857143,37.12320934355852,0.15410427749156952,0.5360043543798121,2.001065002653271,0.5136119170146739,3.6408232657867337,0.14332452578131818,0.4291844696041523,1792.0,True,112
dc_cnn41,dc_cnn41,sweep_all,cnn.deep_contractive_cnn,nnenum,"R,P",UNSAT,solved,1.8379240036010742,6.396929655216146,0.6713169642857143,37.12320934355852,0.15410427749156952,0.5360043543798121,2.001065002653271,0.5136119170146739,3.6408232657867337,0.14332452578131818,0.4291844696041523,1792.0,True,112
dc_cnn41,dc_cnn41,sweep_all,cnn.deep_contractive_cnn,pyrat,D,UNSAT,solved,4.226037979125977,6.396929655216146,0.6713169642857143,37.12320934355852,0.15410427749156952,0.5360043543798121,2.001065002653271,0.5136119170146739,3.6408232657867337,0.14332452578131818,0.4291844696041523,1792.0,True,112
dc_cnn42,dc_cnn42,sweep_all,cnn.deep_contractive_cnn,abcrown,"D,P",UNSAT,solved,44.20054841041565,6.396929655216146,0.7424665178571429,33.7748378002301,1.5610439777374268,0.9424373907304745,2.001065002653271,0.555301648464857,3.5488940735349366,0.9404149791657819,0.6639435714560434,3584.0,True,113
dc_cnn42,dc_cnn42,sweep_all,cnn.deep_contractive_cnn,marabou,"S,P",UNSAT,solved,0.38170933723449707,6.396929655216146,0.7424665178571429,33.7748378002301,1.5610439777374268,0.9424373907304745,2.001065002653271,0.555301648464857,3.5488940735349366,0.9404149791657819,0.6639435714560434,3584.0,True,113
dc_cnn42,dc_cnn42,sweep_all,cnn.deep_contractive_cnn,neuralsat,S,UNSAT,solved,191.27826976776123,6.396929655216146,0.7424665178571429,33.7748378002301,1.5610439777374268,0.9424373907304745,2.001065002653271,0.555301648464857,3.5488940735349366,0.9404149791657819,0.6639435714560434,3584.0,True,113
dc_cnn42,dc_cnn42,sweep_all,cnn.deep_contractive_cnn,nnenum,"R,P",UNSAT,solved,1.795922040939331,6.396929655216146,0.7424665178571429,33.7748378002301,1.5610439777374268,0.9424373907304745,2.001065002653271,0.555301648464857,3.5488940735349366,0.9404149791657819,0.6639435714560434,3584.0,True,113
dc_cnn42,dc_cnn42,sweep_all,cnn.deep_contractive_cnn,pyrat,D,UNSAT,solved,3.283163070678711,6.396929655216146,0.7424665178571429,33.7748378002301,1.5610439777374268,0.9424373907304745,2.001065002653271,0.555301648464857,3.5488940735349366,0.9404149791657819,0.6639435714560434,3584.0,True,113
dc_cnn43,dc_cnn43,sweep_all,cnn.deep_contractive_cnn,abcrown,"D,P",UNSAT,solved,51.03795003890991,6.395261598115449,0.7668805803571429,23.20504326270299,10.468116760253906,0.9850381113586343,2.0008394705357913,0.5692156077810092,3.186561010735774,2.4395707293656925,0.6856381136317361,7168.0,True,114
dc_cnn43,dc_cnn43,sweep_all,cnn.deep_contractive_cnn,marabou,"S,P",UNSAT,solved,1.835369348526001,6.395261598115449,0.7668805803571429,23.20504326270299,10.468116760253906,0.9850381113586343,2.0008394705357913,0.5692156077810092,3.186561010735774,2.4395707293656925,0.6856381136317361,7168.0,True,114
dc_cnn43,dc_cnn43,sweep_all,cnn.deep_contractive_cnn,neuralsat,S,UNSAT,solved,241.67445611953735,6.395261598115449,0.7668805803571429,23.20504326270299,10.468116760253906,0.9850381113586343,2.0008394705357913,0.5692156077810092,3.186561010735774,2.4395707293656925,0.6856381136317361,7168.0,True,114
dc_cnn43,dc_cnn43,sweep_all,cnn.deep_contractive_cnn,nnenum,"R,P",UNSAT,solved,1.924351692199707,6.395261598115449,0.7668805803571429,23.20504326270299,10.468116760253906,0.9850381113586343,2.0008394705357913,0.5692156077810092,3.186561010735774,2.4395707293656925,0.6856381136317361,7168.0,True,114
dc_cnn43,dc_cnn43,sweep_all,cnn.deep_contractive_cnn,pyrat,D,UNSAT,solved,3.813943862915039,6.395261598115449,0.7668805803571429,23.20504326270299,10.468116760253906,0.9850381113586343,2.0008394705357913,0.5692156077810092,3.186561010735774,2.4395707293656925,0.6856381136317361,7168.0,True,114
dc_cnn44,dc_cnn44,sweep_all,cnn.deep_contractive_cnn,abcrown,"D,P",UNSAT,solved,55.32566571235657,6.133398042996649,0.7953404017857143,10.343652914854587,57.55046463012695,0.9971620487321479,1.964787704766679,0.5851946428388984,2.4286583729583815,4.069889025624997,0.6917271972267144,14336.0,True,115
dc_cnn44,dc_cnn44,sweep_all,cnn.deep_contractive_cnn,marabou,"S,P",UNSAT,solved,13.358486652374268,6.133398042996649,0.7953404017857143,10.343652914854587,57.55046463012695,0.9971620487321479,1.964787704766679,0.5851946428388984,2.4286583729583815,4.069889025624997,0.6917271972267144,14336.0,True,115
dc_cnn44,dc_cnn44,sweep_all,cnn.deep_contractive_cnn,neuralsat,S,UNSAT,solved,256.18568754196167,6.133398042996649,0.7953404017857143,10.343652914854587,57.55046463012695,0.9971620487321479,1.964787704766679,0.5851946428388984,2.4286583729583815,4.069889025624997,0.6917271972267144,14336.0,True,115
dc_cnn44,dc_cnn44,sweep_all,cnn.deep_contractive_cnn,nnenum,"R,P",UNSAT,solved,2.010554313659668,6.133398042996649,0.7953404017857143,10.343652914854587,57.55046463012695,0.9971620487321479,1.964787704766679,0.5851946428388984,2.4286583729583815,4.069889025624997,0.6917271972267144,14336.0,True,115
dc_cnn44,dc_cnn44,sweep_all,cnn.deep_contractive_cnn,pyrat,D,UNSAT,solved,4.85634708404541,6.133398042996649,0.7953404017857143,10.343652914854587,57.55046463012695,0.9971620487321479,1.964787704766679,0.5851946428388984,2.4286583729583815,4.069889025624997,0.6917271972267144,14336.0,True,115
dc_cnn45,dc_cnn45,sweep_all,cnn.deep_contractive_cnn,abcrown,"D,P",UNSAT,solved,56.83893346786499,5.655991810819852,0.8036411830357143,5.954849175297909,353.9468688964844,0.9993037917613189,1.8955174731725755,0.5898075011007973,1.9394391393455728,5.871968113194154,0.6927990158383015,28672.0,True,116
dc_cnn45,dc_cnn45,sweep_all,cnn.deep_contractive_cnn,marabou,"S,P",UNSAT,solved,155.47562789916992,5.655991810819852,0.8036411830357143,5.954849175297909,353.9468688964844,0.9993037917613189,1.8955174731725755,0.5898075011007973,1.9394391393455728,5.871968113194154,0.6927990158383015,28672.0,True,116
dc_cnn45,dc_cnn45,sweep_all,cnn.deep_contractive_cnn,neuralsat,S,UNSAT,solved,263.43839287757874,5.655991810819852,0.8036411830357143,5.954849175297909,353.9468688964844,0.9993037917613189,1.8955174731725755,0.5898075011007973,1.9394391393455728,5.871968113194154,0.6927990158383015,28672.0,True,116
dc_cnn45,dc_cnn45,sweep_all,cnn.deep_contractive_cnn,nnenum,"R,P",UNSAT,solved,2.2602882385253906,5.655991810819852,0.8036411830357143,5.954849175297909,353.9468688964844,0.9993037917613189,1.8955174731725755,0.5898075011007973,1.9394391393455728,5.871968113194154,0.6927990158383015,28672.0,True,116
dc_cnn45,dc_cnn45,sweep_all,cnn.deep_contractive_cnn,pyrat,D,UNSAT,solved,5.160820960998535,5.655991810819852,0.8036411830357143,5.954849175297909,353.9468688964844,0.9993037917613189,1.8955174731725755,0.5898075011007973,1.9394391393455728,5.871968113194154,0.6927990158383015,28672.0,True,116
dc_cnn46,dc_cnn46,sweep_all,cnn.deep_contractive_cnn,abcrown,"D,P",UNSAT,solved,40.86034893989563,6.396929655216146,0.6752232142857143,39.082883693611734,0.13520130515098572,0.6213036218904657,2.001065002653271,0.5159464186585315,3.690949402631851,0.12680999657320557,0.4832305305135769,1792.0,True,117
dc_cnn46,dc_cnn46,sweep_all,cnn.deep_contractive_cnn,marabou,"S,P",UNSAT,solved,0.1434793472290039,6.396929655216146,0.6752232142857143,39.082883693611734,0.13520130515098572,0.6213036218904657,2.001065002653271,0.5159464186585315,3.690949402631851,0.12680999657320557,0.4832305305135769,1792.0,True,117
dc_cnn46,dc_cnn46,sweep_all,cnn.deep_contractive_cnn,neuralsat,S,UNSAT,solved,170.3141746520996,6.396929655216146,0.6752232142857143,39.082883693611734,0.13520130515098572,0.6213036218904657,2.001065002653271,0.5159464186585315,3.690949402631851,0.12680999657320557,0.4832305305135769,1792.0,True,117
dc_cnn46,dc_cnn46,sweep_all,cnn.deep_contractive_cnn,nnenum,"R,P",UNSAT,solved,1.7998578548431396,6.396929655216146,0.6752232142857143,39.082883693611734,0.13520130515098572,0.6213036218904657,2.001065002653271,0.5159464186585315,3.690949402631851,0.12680999657320557,0.4832305305135769,1792.0,True,117
dc_cnn46,dc_cnn46,sweep_all,cnn.deep_contractive_cnn,pyrat,D,UNSAT,solved,3.9714598655700684,6.396929655216146,0.6752232142857143,39.082883693611734,0.13520130515098572,0.6213036218904657,2.001065002653271,0.5159464186585315,3.690949402631851,0.12680999657320557,0.4832305305135769,1792.0,True,117
dc_cnn47,dc_cnn47,sweep_all,cnn.deep_contractive_cnn,abcrown,"D,P",UNSAT,solved,64.45426368713379,6.396929655216146,0.7427455357142857,36.435971248083995,1.6971986293792725,0.9419958706220014,2.001065002653271,0.5554617637482028,3.6226320402661862,0.992213689713869,0.6637162435136291,3584.0,True,118
dc_cnn47,dc_cnn47,sweep_all,cnn.deep_contractive_cnn,marabou,"S,P",UNSAT,solved,0.39797449111938477,6.396929655216146,0.7427455357142857,36.435971248083995,1.6971986293792725,0.9419958706220014,2.001065002653271,0.5554617637482028,3.6226320402661862,0.992213689713869,0.6637162435136291,3584.0,True,118
dc_cnn47,dc_cnn47,sweep_all,cnn.deep_contractive_cnn,neuralsat,S,UNSAT,solved,200.55008554458618,6.396929655216146,0.7427455357142857,36.435971248083995,1.6971986293792725,0.9419958706220014,2.001065002653271,0.5554617637482028,3.6226320402661862,0.992213689713869,0.6637162435136291,3584.0,True,118
dc_cnn47,dc_cnn47,sweep_all,cnn.deep_contractive_cnn,nnenum,"R,P",UNSAT,solved,1.8491129875183105,6.396929655216146,0.7427455357142857,36.435971248083995,1.6971986293792725,0.9419958706220014,2.001065002653271,0.5554617637482028,3.6226320402661862,0.992213689713869,0.6637162435136291,3584.0,True,118
dc_cnn47,dc_cnn47,sweep_all,cnn.deep_contractive_cnn,pyrat,D,UNSAT,solved,3.93864107131958,6.396929655216146,0.7427455357142857,36.435971248083995,1.6971986293792725,0.9419958706220014,2.001065002653271,0.5554617637482028,3.6226320402661862,0.992213689713869,0.6637162435136291,3584.0,True,118
dc_cnn48,dc_cnn48,sweep_all,cnn.deep_contractive_cnn,abcrown,"D,P",UNSAT,solved,52.34325075149536,6.369900982828227,0.7791573660714286,18.05889445938869,8.553558349609375,0.986762012635328,1.997404270945216,0.5761398623721334,2.94753389336378,2.25691368714707,0.6865061841947702,7168.0,True,119
dc_cnn48,dc_cnn48,sweep_all,cnn.deep_contractive_cnn,marabou,"S,P",UNSAT,solved,1.8625068664550781,6.369900982828227,0.7791573660714286,18.05889445938869,8.553558349609375,0.986762012635328,1.997404270945216,0.5761398623721334,2.94753389336378,2.25691368714707,0.6865061841947702,7168.0,True,119
dc_cnn48,dc_cnn48,sweep_all,cnn.deep_contractive_cnn,neuralsat,S,UNSAT,solved,246.39416646957397,6.369900982828227,0.7791573660714286,18.05889445938869,8.553558349609375,0.986762012635328,1.997404270945216,0.5761398623721334,2.94753389336378,2.25691368714707,0.6865061841947702,7168.0,True,119
dc_cnn48,dc_cnn48,sweep_all,cnn.deep_contractive_cnn,nnenum,"R,P",UNSAT,solved,1.957596778869629,6.369900982828227,0.7791573660714286,18.05889445938869,8.553558349609375,0.986762012635328,1.997404270945216,0.5761398623721334,2.94753389336378,2.25691368714707,0.6865061841947702,7168.0,True,119
dc_cnn48,dc_cnn48,sweep_all,cnn.deep_contractive_cnn,pyrat,D,UNSAT,solved,3.953606128692627,6.369900982828227,0.7791573660714286,18.05889445938869,8.553558349609375,0.986762012635328,1.997404270945216,0.5761398623721334,2.94753389336378,2.25691368714707,0.6865061841947702,7168.0,True,119
dc_cnn49,dc_cnn49,sweep_all,cnn.deep_contractive_cnn,abcrown,"D,P",UNSAT,solved,54.02637720108032,5.963579343618446,0.7899693080357143,8.311759138412217,68.76179504394531,0.9972496171584937,1.9406936156614254,0.5821984733569003,2.231278024934221,4.245086510977601,0.6917710426956768,14336.0,True,120
dc_cnn49,dc_cnn49,sweep_all,cnn.deep_contractive_cnn,marabou,"S,P",UNSAT,solved,13.625388622283936,5.963579343618446,0.7899693080357143,8.311759138412217,68.76179504394531,0.9972496171584937,1.9406936156614254,0.5821984733569003,2.231278024934221,4.245086510977601,0.6917710426956768,14336.0,True,120
dc_cnn49,dc_cnn49,sweep_all,cnn.deep_contractive_cnn,neuralsat,S,UNSAT,solved,246.46220088005066,5.963579343618446,0.7899693080357143,8.311759138412217,68.76179504394531,0.9972496171584937,1.9406936156614254,0.5821984733569003,2.231278024934221,4.245086510977601,0.6917710426956768,14336.0,True,120
dc_cnn49,dc_cnn49,sweep_all,cnn.deep_contractive_cnn,nnenum,"R,P",UNSAT,solved,1.8658180236816406,5.963579343618446,0.7899693080357143,8.311759138412217,68.76179504394531,0.9972496171584937,1.9406936156614254,0.5821984733569003,2.231278024934221,4.245086510977601,0.6917710426956768,14336.0,True,120
dc_cnn49,dc_cnn49,sweep_all,cnn.deep_contractive_cnn,pyrat,D,UNSAT,solved,4.416435956954956,5.963579343618446,0.7899693080357143,8.311759138412217,68.76179504394531,0.9972496171584937,1.9406936156614254,0.5821984733569003,2.231278024934221,4.245086510977601,0.6917710426956768,14336.0,True,120
dc_cnn50,dc_cnn50,sweep_all,cnn.deep_contractive_cnn,abcrown,"D,P",UNSAT,solved,56.76078200340271,5.683579767338681,0.7980608258928571,5.770364793245308,439.3533630371094,0.9993510635520941,1.8996537373231852,0.5867087652285263,1.9125549692605854,6.087577502413424,0.6928226596847888,28672.0,True,121
dc_cnn50,dc_cnn50,sweep_all,cnn.deep_contractive_cnn,marabou,"S,P",UNSAT,solved,149.973153591156,5.683579767338681,0.7980608258928571,5.770364793245308,439.3533630371094,0.9993510635520941,1.8996537373231852,0.5867087652285263,1.9125549692605854,6.087577502413424,0.6928226596847888,28672.0,True,121
dc_cnn50,dc_cnn50,sweep_all,cnn.deep_contractive_cnn,neuralsat,S,UNSAT,solved,264.6902816295624,5.683579767338681,0.7980608258928571,5.770364793245308,439.3533630371094,0.9993510635520941,1.8996537373231852,0.5867087652285263,1.9125549692605854,6.087577502413424,0.6928226596847888,28672.0,True,121
dc_cnn50,dc_cnn50,sweep_all,cnn.deep_contractive_cnn,nnenum,"R,P",UNSAT,solved,2.3184823989868164,5.683579767338681,0.7980608258928571,5.770364793245308,439.3533630371094,0.9993510635520941,1.8996537373231852,0.5867087652285263,1.9125549692605854,6.087577502413424,0.6928226596847888,28672.0,True,121
dc_cnn50,dc_cnn50,sweep_all,cnn.deep_contractive_cnn,pyrat,D,UNSAT,solved,5.61208176612854,5.683579767338681,0.7980608258928571,5.770364793245308,439.3533630371094,0.9993510635520941,1.8996537373231852,0.5867087652285263,1.9125549692605854,6.087577502413424,0.6928226596847888,28672.0,True,121
pb_cnn_1,pb_cnn_1,sweep_all,cnn.cnn_paired_bias,abcrown,"D,P",UNSAT,solved,31.31782293319702,6.206575926724928,0.859375,28.264726285905542,0.13538751006126404,6.415966317139769,1.9749939323524341,0.6202404097518576,3.376382909749011,0.12697401121949312,2.0036352863357325,128.0,True,122
pb_cnn_1,pb_cnn_1,sweep_all,cnn.cnn_paired_bias,marabou,"S,P",UNSAT,solved,0.03253030776977539,6.206575926724928,0.859375,28.264726285905542,0.13538751006126404,6.415966317139769,1.9749939323524341,0.6202404097518576,3.376382909749011,0.12697401121949312,2.0036352863357325,128.0,True,122
pb_cnn_1,pb_cnn_1,sweep_all,cnn.cnn_paired_bias,neuralsat,S,UNSAT,solved,80.51013350486755,6.206575926724928,0.859375,28.264726285905542,0.13538751006126404,6.415966317139769,1.9749939323524341,0.6202404097518576,3.376382909749011,0.12697401121949312,2.0036352863357325,128.0,True,122
pb_cnn_1,pb_cnn_1,sweep_all,cnn.cnn_paired_bias,nnenum,"R,P",UNSAT,solved,1.588747501373291,6.206575926724928,0.859375,28.264726285905542,0.13538751006126404,6.415966317139769,1.9749939323524341,0.6202404097518576,3.376382909749011,0.12697401121949312,2.0036352863357325,128.0,True,122
pb_cnn_1,pb_cnn_1,sweep_all,cnn.cnn_paired_bias,pyrat,D,UNSAT,solved,3.3327980041503906,6.206575926724928,0.859375,28.264726285905542,0.13538751006126404,6.415966317139769,1.9749939323524341,0.6202404097518576,3.376382909749011,0.12697401121949312,2.0036352863357325,128.0,True,122
pb_cnn_2,pb_cnn_2,sweep_all,cnn.cnn_paired_bias,abcrown,"D,P",UNSAT,solved,53.06611752510071,6.29156913955832,0.8541666666666666,27.816848071699287,0.11249999701976776,7.985886546855686,1.9867187683398329,0.6174353588242489,3.360960218584208,0.10660973237939779,2.1956551850236052,192.0,True,123
pb_cnn_2,pb_cnn_2,sweep_all,cnn.cnn_paired_bias,marabou,"S,P",UNSAT,solved,495.86226058006287,6.29156913955832,0.8541666666666666,27.816848071699287,0.11249999701976776,7.985886546855686,1.9867187683398329,0.6174353588242489,3.360960218584208,0.10660973237939779,2.1956551850236052,192.0,True,123
pb_cnn_2,pb_cnn_2,sweep_all,cnn.cnn_paired_bias,neuralsat,S,UNSAT,solved,289.60232424736023,6.29156913955832,0.8541666666666666,27.816848071699287,0.11249999701976776,7.985886546855686,1.9867187683398329,0.6174353588242489,3.360960218584208,0.10660973237939779,2.1956551850236052,192.0,True,123
pb_cnn_2,pb_cnn_2,sweep_all,cnn.cnn_paired_bias,nnenum,"R,P",TIMEOUT,timeout,600.0221841335297,6.29156913955832,0.8541666666666666,27.816848071699287,0.11249999701976776,7.985886546855686,1.9867187683398329,0.6174353588242489,3.360960218584208,0.10660973237939779,2.1956551850236052,192.0,True,123
pb_cnn_2,pb_cnn_2,sweep_all,cnn.cnn_paired_bias,pyrat,D,UNSAT,solved,5.589073896408081,6.29156913955832,0.8541666666666666,27.816848071699287,0.11249999701976776,7.985886546855686,1.9867187683398329,0.6174353588242489,3.360960218584208,0.10660973237939779,2.1956551850236052,192.0,True,123
pb_cnn_3,pb_cnn_3,sweep_all,cnn.cnn_paired_bias,abcrown,"D,P",UNSAT,solved,32.42706918716431,6.391917113392602,0.925,28.660725782699437,0.11403779685497284,7.457456976965807,2.0003871212614466,0.6549259677397475,3.389823806494668,0.10799106988371299,2.135048534691512,320.0,True,124
pb_cnn_3,pb_cnn_3,sweep_all,cnn.cnn_paired_bias,marabou,"S,P",UNSAT,solved,0.1497044563293457,6.391917113392602,0.925,28.660725782699437,0.11403779685497284,7.457456976965807,2.0003871212614466,0.6549259677397475,3.389823806494668,0.10799106988371299,2.135048534691512,320.0,True,124
pb_cnn_3,pb_cnn_3,sweep_all,cnn.cnn_paired_bias,neuralsat,S,UNSAT,solved,85.65420365333557,6.391917113392602,0.925,28.660725782699437,0.11403779685497284,7.457456976965807,2.0003871212614466,0.6549259677397475,3.389823806494668,0.10799106988371299,2.135048534691512,320.0,True,124
pb_cnn_3,pb_cnn_3,sweep_all,cnn.cnn_paired_bias,nnenum,"R,P",UNSAT,solved,427.36768770217896,6.391917113392602,0.925,28.660725782699437,0.11403779685497284,7.457456976965807,2.0003871212614466,0.6549259677397475,3.389823806494668,0.10799106988371299,2.135048534691512,320.0,True,124
pb_cnn_3,pb_cnn_3,sweep_all,cnn.cnn_paired_bias,pyrat,D,UNSAT,solved,4.612680912017822,6.391917113392602,0.925,28.660725782699437,0.11403779685497284,7.457456976965807,2.0003871212614466,0.6549259677397475,3.389823806494668,0.10799106988371299,2.135048534691512,320.0,True,124
pb_cnn_4,pb_cnn_4,sweep_all,cnn.cnn_paired_bias,abcrown,"D,P",TIMEOUT,timeout,600.1208431720734,6.396929655216146,0.9513888888888888,28.91090550602671,0.12495964765548706,7.813480723533031,2.001065002653271,0.6685413697577451,3.398223146540893,0.11774716626240626,2.1762824497231597,576.0,True,125
pb_cnn_4,pb_cnn_4,sweep_all,cnn.cnn_paired_bias,marabou,"S,P",TIMEOUT,timeout,600.0231463909149,6.396929655216146,0.9513888888888888,28.91090550602671,0.12495964765548706,7.813480723533031,2.001065002653271,0.6685413697577451,3.398223146540893,0.11774716626240626,2.1762824497231597,576.0,True,125
pb_cnn_4,pb_cnn_4,sweep_all,cnn.cnn_paired_bias,neuralsat,S,TIMEOUT,timeout,600.8222479820251,6.396929655216146,0.9513888888888888,28.91090550602671,0.12495964765548706,7.813480723533031,2.001065002653271,0.6685413697577451,3.398223146540893,0.11774716626240626,2.1762824497231597,576.0,True,125
pb_cnn_4,pb_cnn_4,sweep_all,cnn.cnn_paired_bias,nnenum,"R,P",TIMEOUT,timeout,600.0714037418365,6.396929655216146,0.9513888888888888,28.91090550602671,0.12495964765548706,7.813480723533031,2.001065002653271,0.6685413697577451,3.398223146540893,0.11774716626240626,2.1762824497231597,576.0,True,125
pb_cnn_4,pb_cnn_4,sweep_all,cnn.cnn_paired_bias,pyrat,D,TIMEOUT,timeout,600.0090229511261,6.396929655216146,0.9513888888888888,28.91090550602671,0.12495964765548706,7.813480723533031,2.001065002653271,0.6685413697577451,3.398223146540893,0.11774716626240626,2.1762824497231597,576.0,True,125
pb_cnn_5,pb_cnn_5,sweep_all,cnn.cnn_paired_bias,abcrown,"D,P",UNSAT,solved,96.06300592422485,6.396929655216146,0.9696691176470589,28.12597010679078,0.12095387279987335,7.320359902894692,2.001065002653271,0.6778655680576892,3.371630219718819,0.11417999498281527,2.1187055114569944,1088.0,True,126
pb_cnn_5,pb_cnn_5,sweep_all,cnn.cnn_paired_bias,marabou,"S,P",TIMEOUT,timeout,600.0687630176544,6.396929655216146,0.9696691176470589,28.12597010679078,0.12095387279987335,7.320359902894692,2.001065002653271,0.6778655680576892,3.371630219718819,0.11417999498281527,2.1187055114569944,1088.0,True,126
pb_cnn_5,pb_cnn_5,sweep_all,cnn.cnn_paired_bias,neuralsat,S,UNSAT,solved,517.0912845134735,6.396929655216146,0.9696691176470589,28.12597010679078,0.12095387279987335,7.320359902894692,2.001065002653271,0.6778655680576892,3.371630219718819,0.11417999498281527,2.1187055114569944,1088.0,True,126
pb_cnn_5,pb_cnn_5,sweep_all,cnn.cnn_paired_bias,nnenum,"R,P",TIMEOUT,timeout,600.086226940155,6.396929655216146,0.9696691176470589,28.12597010679078,0.12095387279987335,7.320359902894692,2.001065002653271,0.6778655680576892,3.371630219718819,0.11417999498281527,2.1187055114569944,1088.0,True,126
pb_cnn_5,pb_cnn_5,sweep_all,cnn.cnn_paired_bias,pyrat,D,TIMEOUT,timeout,600.0325748920441,6.396929655216146,0.9696691176470589,28.12597010679078,0.12095387279987335,7.320359902894692,2.001065002653271,0.6778655680576892,3.371630219718819,0.11417999498281527,2.1187055114569944,1088.0,True,126
pb_cnn_6,pb_cnn_6,sweep_all,cnn.cnn_paired_bias,abcrown,"D,P",UNSAT,solved,39.76599621772766,5.937536205082426,0.75,28.99127101707256,0.12526895105838776,7.20030530560683,1.9369466978095553,0.5596157879354227,3.400906373225726,0.11802207469173245,2.104171385968176,128.0,True,127
pb_cnn_6,pb_cnn_6,sweep_all,cnn.cnn_paired_bias,marabou,"S,P",UNSAT,solved,0.0633082389831543,5.937536205082426,0.75,28.99127101707256,0.12526895105838776,7.20030530560683,1.9369466978095553,0.5596157879354227,3.400906373225726,0.11802207469173245,2.104171385968176,128.0,True,127
pb_cnn_6,pb_cnn_6,sweep_all,cnn.cnn_paired_bias,neuralsat,S,UNSAT,solved,97.79820108413696,5.937536205082426,0.75,28.99127101707256,0.12526895105838776,7.20030530560683,1.9369466978095553,0.5596157879354227,3.400906373225726,0.11802207469173245,2.104171385968176,128.0,True,127
pb_cnn_6,pb_cnn_6,sweep_all,cnn.cnn_paired_bias,nnenum,"R,P",UNSAT,solved,1.917360544204712,5.937536205082426,0.75,28.99127101707256,0.12526895105838776,7.20030530560683,1.9369466978095553,0.5596157879354227,3.400906373225726,0.11802207469173245,2.104171385968176,128.0,True,127
pb_cnn_6,pb_cnn_6,sweep_all,cnn.cnn_paired_bias,pyrat,D,UNSAT,solved,4.312986850738525,5.937536205082426,0.75,28.99127101707256,0.12526895105838776,7.20030530560683,1.9369466978095553,0.5596157879354227,3.400906373225726,0.11802207469173245,2.104171385968176,128.0,True,127
pb_cnn_7,pb_cnn_7,sweep_all,cnn.cnn_paired_bias,abcrown,"D,P",UNSAT,solved,48.87530207633972,6.318968113746434,0.8072916666666666,28.430570062268533,0.12188088148832321,9.240001833824756,1.9904693499688613,0.5918294079190777,3.3820339321654465,0.11500663523303033,2.3263017986957943,192.0,True,128
pb_cnn_7,pb_cnn_7,sweep_all,cnn.cnn_paired_bias,marabou,"S,P",UNSAT,solved,0.08160018920898438,6.318968113746434,0.8072916666666666,28.430570062268533,0.12188088148832321,9.240001833824756,1.9904693499688613,0.5918294079190777,3.3820339321654465,0.11500663523303033,2.3263017986957943,192.0,True,128
pb_cnn_7,pb_cnn_7,sweep_all,cnn.cnn_paired_bias,neuralsat,S,UNSAT,solved,101.36640548706055,6.318968113746434,0.8072916666666666,28.430570062268533,0.12188088148832321,9.240001833824756,1.9904693499688613,0.5918294079190777,3.3820339321654465,0.11500663523303033,2.3263017986957943,192.0,True,128
pb_cnn_7,pb_cnn_7,sweep_all,cnn.cnn_paired_bias,nnenum,"R,P",UNSAT,solved,1.6786046028137207,6.318968113746434,0.8072916666666666,28.430570062268533,0.12188088148832321,9.240001833824756,1.9904693499688613,0.5918294079190777,3.3820339321654465,0.11500663523303033,2.3263017986957943,192.0,True,128
pb_cnn_7,pb_cnn_7,sweep_all,cnn.cnn_paired_bias,pyrat,D,UNSAT,solved,3.1045260429382324,6.318968113746434,0.8072916666666666,28.430570062268533,0.12188088148832321,9.240001833824756,1.9904693499688613,0.5918294079190777,3.3820339321654465,0.11500663523303033,2.3263017986957943,192.0,True,128
pb_cnn_8,pb_cnn_8,sweep_all,cnn.cnn_paired_bias,abcrown,"D,P",UNSAT,solved,39.94190692901611,6.396929655216146,0.875,30.128244073948466,0.12508893013000488,8.945793569490544,2.001065002653271,0.6286086594223741,3.4381155766290394,0.11786208153662434,2.2971497049485157,320.0,True,129
pb_cnn_8,pb_cnn_8,sweep_all,cnn.cnn_paired_bias,marabou,"S,P",UNSAT,solved,0.17389941215515137,6.396929655216146,0.875,30.128244073948466,0.12508893013000488,8.945793569490544,2.001065002653271,0.6286086594223741,3.4381155766290394,0.11786208153662434,2.2971497049485157,320.0,True,129
pb_cnn_8,pb_cnn_8,sweep_all,cnn.cnn_paired_bias,neuralsat,S,UNSAT,solved,104.33037042617798,6.396929655216146,0.875,30.128244073948466,0.12508893013000488,8.945793569490544,2.001065002653271,0.6286086594223741,3.4381155766290394,0.11786208153662434,2.2971497049485157,320.0,True,129
pb_cnn_8,pb_cnn_8,sweep_all,cnn.cnn_paired_bias,nnenum,"R,P",UNSAT,solved,1.7058961391448975,6.396929655216146,0.875,30.128244073948466,0.12508893013000488,8.945793569490544,2.001065002653271,0.6286086594223741,3.4381155766290394,0.11786208153662434,2.2971497049485157,320.0,True,129
pb_cnn_8,pb_cnn_8,sweep_all,cnn.cnn_paired_bias,pyrat,D,UNSAT,solved,2.9247589111328125,6.396929655216146,0.875,30.128244073948466,0.12508893013000488,8.945793569490544,2.001065002653271,0.6286086594223741,3.4381155766290394,0.11786208153662434,2.2971497049485157,320.0,True,129
pb_cnn_9,pb_cnn_9,sweep_all,cnn.cnn_paired_bias,abcrown,"D,P",UNSAT,solved,40.35708808898926,6.396929655216146,0.8940972222222222,30.580935063216668,0.12449753284454346,8.229374708487741,2.001065002653271,0.6387423251371795,3.4525536177373644,0.11733629841264193,2.2223913006606355,576.0,True,130
pb_cnn_9,pb_cnn_9,sweep_all,cnn.cnn_paired_bias,marabou,"S,P",UNSAT,solved,0.27068495750427246,6.396929655216146,0.8940972222222222,30.580935063216668,0.12449753284454346,8.229374708487741,2.001065002653271,0.6387423251371795,3.4525536177373644,0.11733629841264193,2.2223913006606355,576.0,True,130
pb_cnn_9,pb_cnn_9,sweep_all,cnn.cnn_paired_bias,neuralsat,S,UNSAT,solved,104.22237038612366,6.396929655216146,0.8940972222222222,30.580935063216668,0.12449753284454346,8.229374708487741,2.001065002653271,0.6387423251371795,3.4525536177373644,0.11733629841264193,2.2223913006606355,576.0,True,130
pb_cnn_9,pb_cnn_9,sweep_all,cnn.cnn_paired_bias,nnenum,"R,P",UNSAT,solved,1.5995256900787354,6.396929655216146,0.8940972222222222,30.580935063216668,0.12449753284454346,8.229374708487741,2.001065002653271,0.6387423251371795,3.4525536177373644,0.11733629841264193,2.2223913006606355,576.0,True,130
pb_cnn_9,pb_cnn_9,sweep_all,cnn.cnn_paired_bias,pyrat,D,UNSAT,solved,3.2427730560302734,6.396929655216146,0.8940972222222222,30.580935063216668,0.12449753284454346,8.229374708487741,2.001065002653271,0.6387423251371795,3.4525536177373644,0.11733629841264193,2.2223913006606355,576.0,True,130
pb_cnn_10,pb_cnn_10,sweep_all,cnn.cnn_paired_bias,abcrown,"D,P",UNSAT,solved,41.845759868621826,6.396929655216146,0.9430147058823529,30.409254146314957,0.12330006808042526,8.425038831454074,2.001065002653271,0.664240739014295,3.4471025675288867,0.11627084227290294,2.243369853373765,1088.0,True,131
pb_cnn_10,pb_cnn_10,sweep_all,cnn.cnn_paired_bias,marabou,"S,P",UNSAT,solved,0.8863680362701416,6.396929655216146,0.9430147058823529,30.409254146314957,0.12330006808042526,8.425038831454074,2.001065002653271,0.664240739014295,3.4471025675288867,0.11627084227290294,2.243369853373765,1088.0,True,131
pb_cnn_10,pb_cnn_10,sweep_all,cnn.cnn_paired_bias,neuralsat,S,UNSAT,solved,103.41050720214844,6.396929655216146,0.9430147058823529,30.409254146314957,0.12330006808042526,8.425038831454074,2.001065002653271,0.664240739014295,3.4471025675288867,0.11627084227290294,2.243369853373765,1088.0,True,131
pb_cnn_10,pb_cnn_10,sweep_all,cnn.cnn_paired_bias,nnenum,"R,P",UNSAT,solved,1.5538911819458008,6.396929655216146,0.9430147058823529,30.409254146314957,0.12330006808042526,8.425038831454074,2.001065002653271,0.664240739014295,3.4471025675288867,0.11627084227290294,2.243369853373765,1088.0,True,131
pb_cnn_10,pb_cnn_10,sweep_all,cnn.cnn_paired_bias,pyrat,D,UNSAT,solved,3.6171059608459473,6.396929655216146,0.9430147058823529,30.409254146314957,0.12330006808042526,8.425038831454074,2.001065002653271,0.664240739014295,3.4471025675288867,0.11627084227290294,2.243369853373765,1088.0,True,131
pb_cnn_11,pb_cnn_11,sweep_all,cnn.cnn_paired_bias,abcrown,"D,P",UNSAT,solved,42.4215042591095,6.396929655216146,0.925,28.45606717279157,1.0139845609664917,0.8386505914285057,2.001065002653271,0.6549259677397475,3.3828999049332458,0.7001151284112239,0.609031928346829,320.0,True,132
pb_cnn_11,pb_cnn_11,sweep_all,cnn.cnn_paired_bias,marabou,"S,P",UNSAT,solved,0.027538061141967773,6.396929655216146,0.925,28.45606717279157,1.0139845609664917,0.8386505914285057,2.001065002653271,0.6549259677397475,3.3828999049332458,0.7001151284112239,0.609031928346829,320.0,True,132
pb_cnn_11,pb_cnn_11,sweep_all,cnn.cnn_paired_bias,neuralsat,S,UNSAT,solved,92.12641429901123,6.396929655216146,0.925,28.45606717279157,1.0139845609664917,0.8386505914285057,2.001065002653271,0.6549259677397475,3.3828999049332458,0.7001151284112239,0.609031928346829,320.0,True,132
pb_cnn_11,pb_cnn_11,sweep_all,cnn.cnn_paired_bias,nnenum,"R,P",UNSAT,solved,1.504575252532959,6.396929655216146,0.925,28.45606717279157,1.0139845609664917,0.8386505914285057,2.001065002653271,0.6549259677397475,3.3828999049332458,0.7001151284112239,0.609031928346829,320.0,True,132
pb_cnn_11,pb_cnn_11,sweep_all,cnn.cnn_paired_bias,pyrat,D,UNSAT,solved,4.121852874755859,6.396929655216146,0.925,28.45606717279157,1.0139845609664917,0.8386505914285057,2.001065002653271,0.6549259677397475,3.3828999049332458,0.7001151284112239,0.609031928346829,320.0,True,132
pb_cnn_12,pb_cnn_12,sweep_all,cnn.cnn_paired_bias,abcrown,"D,P",UNSAT,solved,41.10605454444885,6.395261598115449,0.925,28.698103619627165,0.5139836668968201,1.654484203394238,2.0008394705357913,0.6549259677397475,3.3910831925790754,0.4147443669100512,0.9762503621458407,320.0,True,133
pb_cnn_12,pb_cnn_12,sweep_all,cnn.cnn_paired_bias,marabou,"S,P",UNSAT,solved,0.10842204093933105,6.395261598115449,0.925,28.698103619627165,0.5139836668968201,1.654484203394238,2.0008394705357913,0.6549259677397475,3.3910831925790754,0.4147443669100512,0.9762503621458407,320.0,True,133
pb_cnn_12,pb_cnn_12,sweep_all,cnn.cnn_paired_bias,neuralsat,S,UNSAT,solved,83.57810997962952,6.395261598115449,0.925,28.698103619627165,0.5139836668968201,1.654484203394238,2.0008394705357913,0.6549259677397475,3.3910831925790754,0.4147443669100512,0.9762503621458407,320.0,True,133
pb_cnn_12,pb_cnn_12,sweep_all,cnn.cnn_paired_bias,nnenum,"R,P",UNSAT,solved,1.641610860824585,6.395261598115449,0.925,28.698103619627165,0.5139836668968201,1.654484203394238,2.0008394705357913,0.6549259677397475,3.3910831925790754,0.4147443669100512,0.9762503621458407,320.0,True,133
pb_cnn_12,pb_cnn_12,sweep_all,cnn.cnn_paired_bias,pyrat,D,UNSAT,solved,3.8851699829101562,6.395261598115449,0.925,28.698103619627165,0.5139836668968201,1.654484203394238,2.0008394705357913,0.6549259677397475,3.3910831925790754,0.4147443669100512,0.9762503621458407,320.0,True,133
pb_cnn_13,pb_cnn_13,sweep_all,cnn.cnn_paired_bias,abcrown,"D,P",UNSAT,solved,41.1954607963562,6.391917113392602,0.925,28.906353713594253,0.11386749893426895,7.467114618579918,2.0003871212614466,0.6549259677397475,3.398070956604389,0.10783819272025597,2.1361897916631074,320.0,True,134
pb_cnn_13,pb_cnn_13,sweep_all,cnn.cnn_paired_bias,marabou,"S,P",UNSAT,solved,0.15364789962768555,6.391917113392602,0.925,28.906353713594253,0.11386749893426895,7.467114618579918,2.0003871212614466,0.6549259677397475,3.398070956604389,0.10783819272025597,2.1361897916631074,320.0,True,134
pb_cnn_13,pb_cnn_13,sweep_all,cnn.cnn_paired_bias,neuralsat,S,UNSAT,solved,90.82639765739441,6.391917113392602,0.925,28.906353713594253,0.11386749893426895,7.467114618579918,2.0003871212614466,0.6549259677397475,3.398070956604389,0.10783819272025597,2.1361897916631074,320.0,True,134
pb_cnn_13,pb_cnn_13,sweep_all,cnn.cnn_paired_bias,nnenum,"R,P",UNSAT,solved,423.53384232521057,6.391917113392602,0.925,28.906353713594253,0.11386749893426895,7.467114618579918,2.0003871212614466,0.6549259677397475,3.398070956604389,0.10783819272025597,2.1361897916631074,320.0,True,134
pb_cnn_13,pb_cnn_13,sweep_all,cnn.cnn_paired_bias,pyrat,D,UNSAT,solved,3.4595770835876465,6.391917113392602,0.925,28.906353713594253,0.11386749893426895,7.467114618579918,2.0003871212614466,0.6549259677397475,3.398070956604389,0.10783819272025597,2.1361897916631074,320.0,True,134
pb_cnn_14,pb_cnn_14,sweep_all,cnn.cnn_paired_bias,abcrown,"D,P",TIMEOUT,timeout,600.1408040523529,6.391917113392602,0.925,28.579276199635622,0.06414587795734406,13.259465516662187,2.0003871212614466,0.6549259677397475,3.387073987734988,0.062172484865016704,2.6574209329837215,320.0,True,135
pb_cnn_14,pb_cnn_14,sweep_all,cnn.cnn_paired_bias,marabou,"S,P",TIMEOUT,timeout,600.0169088840485,6.391917113392602,0.925,28.579276199635622,0.06414587795734406,13.259465516662187,2.0003871212614466,0.6549259677397475,3.387073987734988,0.062172484865016704,2.6574209329837215,320.0,True,135
pb_cnn_14,pb_cnn_14,sweep_all,cnn.cnn_paired_bias,neuralsat,S,TIMEOUT,timeout,600.7546033859253,6.391917113392602,0.925,28.579276199635622,0.06414587795734406,13.259465516662187,2.0003871212614466,0.6549259677397475,3.387073987734988,0.062172484865016704,2.6574209329837215,320.0,True,135
pb_cnn_14,pb_cnn_14,sweep_all,cnn.cnn_paired_bias,nnenum,"R,P",missing,missing,,6.391917113392602,0.925,28.579276199635622,0.06414587795734406,13.259465516662187,2.0003871212614466,0.6549259677397475,3.387073987734988,0.062172484865016704,2.6574209329837215,320.0,True,135
pb_cnn_14,pb_cnn_14,sweep_all,cnn.cnn_paired_bias,pyrat,D,UNSAT,solved,23.166899919509888,6.391917113392602,0.925,28.579276199635622,0.06414587795734406,13.259465516662187,2.0003871212614466,0.6549259677397475,3.387073987734988,0.062172484865016704,2.6574209329837215,320.0,True,135
pb_cnn_15,pb_cnn_15,sweep_all,cnn.cnn_paired_bias,abcrown,"D,P",TIMEOUT,timeout,600.1387887001038,6.39024066706535,0.925,28.71286558062397,0.015087593346834183,56.36961292649054,2.0001603010151285,0.6549259677397475,3.3915801365441145,0.014974907634093967,4.049514771623798,320.0,True,136
pb_cnn_15,pb_cnn_15,sweep_all,cnn.cnn_paired_bias,marabou,"S,P",TIMEOUT,timeout,600.0172576904297,6.39024066706535,0.925,28.71286558062397,0.015087593346834183,56.36961292649054,2.0001603010151285,0.6549259677397475,3.3915801365441145,0.014974907634093967,4.049514771623798,320.0,True,136
pb_cnn_15,pb_cnn_15,sweep_all,cnn.cnn_paired_bias,neuralsat,S,TIMEOUT,timeout,600.6992826461792,6.39024066706535,0.925,28.71286558062397,0.015087593346834183,56.36961292649054,2.0001603010151285,0.6549259677397475,3.3915801365441145,0.014974907634093967,4.049514771623798,320.0,True,136
pb_cnn_15,pb_cnn_15,sweep_all,cnn.cnn_paired_bias,nnenum,"R,P",missing,missing,,6.39024066706535,0.925,28.71286558062397,0.015087593346834183,56.36961292649054,2.0001603010151285,0.6549259677397475,3.3915801365441145,0.014974907634093967,4.049514771623798,320.0,True,136
pb_cnn_15,pb_cnn_15,sweep_all,cnn.cnn_paired_bias,pyrat,D,TIMEOUT,timeout,600.033634185791,6.39024066706535,0.925,28.71286558062397,0.015087593346834183,56.36961292649054,2.0001603010151285,0.6549259677397475,3.3915801365441145,0.014974907634093967,4.049514771623798,320.0,True,136
pb_cnn_16,pb_cnn_16,sweep_all,cnn.cnn_paired_bias,abcrown,"D,P",UNSAT,solved,55.22098350524902,6.396929655216146,0.875,30.050370715106155,1.0249695777893066,1.091642564351764,2.001065002653271,0.6286086594223741,3.435610747603099,0.7055546771317287,0.7379496732642704,320.0,True,137
pb_cnn_16,pb_cnn_16,sweep_all,cnn.cnn_paired_bias,marabou,"S,P",UNSAT,solved,0.15362167358398438,6.396929655216146,0.875,30.050370715106155,1.0249695777893066,1.091642564351764,2.001065002653271,0.6286086594223741,3.435610747603099,0.7055546771317287,0.7379496732642704,320.0,True,137
pb_cnn_16,pb_cnn_16,sweep_all,cnn.cnn_paired_bias,neuralsat,S,UNSAT,solved,58.97115182876587,6.396929655216146,0.875,30.050370715106155,1.0249695777893066,1.091642564351764,2.001065002653271,0.6286086594223741,3.435610747603099,0.7055546771317287,0.7379496732642704,320.0,True,137
pb_cnn_16,pb_cnn_16,sweep_all,cnn.cnn_paired_bias,nnenum,"R,P",missing,missing,,6.396929655216146,0.875,30.050370715106155,1.0249695777893066,1.091642564351764,2.001065002653271,0.6286086594223741,3.435610747603099,0.7055546771317287,0.7379496732642704,320.0,True,137
pb_cnn_16,pb_cnn_16,sweep_all,cnn.cnn_paired_bias,pyrat,D,UNSAT,solved,4.5064990520477295,6.396929655216146,0.875,30.050370715106155,1.0249695777893066,1.091642564351764,2.001065002653271,0.6286086594223741,3.435610747603099,0.7055546771317287,0.7379496732642704,320.0,True,137
pb_cnn_17,pb_cnn_17,sweep_all,cnn.cnn_paired_bias,abcrown,"D,P",UNSAT,solved,40.29562497138977,6.395261598115449,0.875,30.48602312066343,0.5250288248062134,2.1312347292728844,2.0008394705357913,0.6286086594223741,3.449543736907845,0.4220133113930147,1.1414274089602268,320.0,True,138
pb_cnn_17,pb_cnn_17,sweep_all,cnn.cnn_paired_bias,marabou,"S,P",UNSAT,solved,0.16782259941101074,6.395261598115449,0.875,30.48602312066343,0.5250288248062134,2.1312347292728844,2.0008394705357913,0.6286086594223741,3.449543736907845,0.4220133113930147,1.1414274089602268,320.0,True,138
pb_cnn_17,pb_cnn_17,sweep_all,cnn.cnn_paired_bias,neuralsat,S,UNSAT,solved,103.08216309547424,6.395261598115449,0.875,30.48602312066343,0.5250288248062134,2.1312347292728844,2.0008394705357913,0.6286086594223741,3.449543736907845,0.4220133113930147,1.1414274089602268,320.0,True,138
pb_cnn_17,pb_cnn_17,sweep_all,cnn.cnn_paired_bias,nnenum,"R,P",missing,missing,,6.395261598115449,0.875,30.48602312066343,0.5250288248062134,2.1312347292728844,2.0008394705357913,0.6286086594223741,3.449543736907845,0.4220133113930147,1.1414274089602268,320.0,True,138
pb_cnn_17,pb_cnn_17,sweep_all,cnn.cnn_paired_bias,pyrat,D,UNSAT,solved,3.6779263019561768,6.395261598115449,0.875,30.48602312066343,0.5250288248062134,2.1312347292728844,2.0008394705357913,0.6286086594223741,3.449543736907845,0.4220133113930147,1.1414274089602268,320.0,True,138
pb_cnn_18,pb_cnn_18,sweep_all,cnn.cnn_paired_bias,abcrown,"D,P",UNSAT,solved,36.07396459579468,6.395261598115449,0.875,30.377197426915753,0.12484675645828247,8.961206561049515,2.0008394705357913,0.6286086594223741,3.446081432510695,0.11764680989654926,2.2986982049271907,320.0,True,139
pb_cnn_18,pb_cnn_18,sweep_all,cnn.cnn_paired_bias,marabou,"S,P",UNSAT,solved,0.12985873222351074,6.395261598115449,0.875,30.377197426915753,0.12484675645828247,8.961206561049515,2.0008394705357913,0.6286086594223741,3.446081432510695,0.11764680989654926,2.2986982049271907,320.0,True,139
pb_cnn_18,pb_cnn_18,sweep_all,cnn.cnn_paired_bias,neuralsat,S,UNSAT,solved,72.87834119796753,6.395261598115449,0.875,30.377197426915753,0.12484675645828247,8.961206561049515,2.0008394705357913,0.6286086594223741,3.446081432510695,0.11764680989654926,2.2986982049271907,320.0,True,139
pb_cnn_18,pb_cnn_18,sweep_all,cnn.cnn_paired_bias,nnenum,"R,P",missing,missing,,6.395261598115449,0.875,30.377197426915753,0.12484675645828247,8.961206561049515,2.0008394705357913,0.6286086594223741,3.446081432510695,0.11764680989654926,2.2986982049271907,320.0,True,139
pb_cnn_18,pb_cnn_18,sweep_all,cnn.cnn_paired_bias,pyrat,D,UNSAT,solved,3.48702073097229,6.395261598115449,0.875,30.377197426915753,0.12484675645828247,8.961206561049515,2.0008394705357913,0.6286086594223741,3.446081432510695,0.11764680989654926,2.2986982049271907,320.0,True,139
pb_cnn_19,pb_cnn_19,sweep_all,cnn.cnn_paired_bias,abcrown,"D,P",UNSAT,solved,390.20637035369873,6.396929655216146,0.875,30.26763291011414,0.07493041455745697,14.93200470498587,2.001065002653271,0.6286086594223741,3.4425834701751263,0.07225592884028148,2.768329960636067,320.0,True,140
pb_cnn_19,pb_cnn_19,sweep_all,cnn.cnn_paired_bias,marabou,"S,P",TIMEOUT,timeout,600.0071911811829,6.396929655216146,0.875,30.26763291011414,0.07493041455745697,14.93200470498587,2.001065002653271,0.6286086594223741,3.4425834701751263,0.07225592884028148,2.768329960636067,320.0,True,140
pb_cnn_19,pb_cnn_19,sweep_all,cnn.cnn_paired_bias,neuralsat,S,TIMEOUT,timeout,600.6772451400757,6.396929655216146,0.875,30.26763291011414,0.07493041455745697,14.93200470498587,2.001065002653271,0.6286086594223741,3.4425834701751263,0.07225592884028148,2.768329960636067,320.0,True,140
pb_cnn_19,pb_cnn_19,sweep_all,cnn.cnn_paired_bias,nnenum,"R,P",missing,missing,,6.396929655216146,0.875,30.26763291011414,0.07493041455745697,14.93200470498587,2.001065002653271,0.6286086594223741,3.4425834701751263,0.07225592884028148,2.768329960636067,320.0,True,140
pb_cnn_19,pb_cnn_19,sweep_all,cnn.cnn_paired_bias,pyrat,D,UNSAT,solved,3.9647679328918457,6.396929655216146,0.875,30.26763291011414,0.07493041455745697,14.93200470498587,2.001065002653271,0.6286086594223741,3.4425834701751263,0.07225592884028148,2.768329960636067,320.0,True,140
pb_cnn_20,pb_cnn_20,sweep_all,cnn.cnn_paired_bias,abcrown,"D,P",TIMEOUT,timeout,600.1495633125305,6.396929655216146,0.875,30.18135161022265,0.02582298405468464,43.323954172159695,2.001065002653271,0.6286086594223741,3.4398202113181573,0.025495201702411357,3.791525257145192,320.0,True,141
pb_cnn_20,pb_cnn_20,sweep_all,cnn.cnn_paired_bias,marabou,"S,P",TIMEOUT,timeout,600.0142030715942,6.396929655216146,0.875,30.18135161022265,0.02582298405468464,43.323954172159695,2.001065002653271,0.6286086594223741,3.4398202113181573,0.025495201702411357,3.791525257145192,320.0,True,141
pb_cnn_20,pb_cnn_20,sweep_all,cnn.cnn_paired_bias,neuralsat,S,TIMEOUT,timeout,600.6873452663422,6.396929655216146,0.875,30.18135161022265,0.02582298405468464,43.323954172159695,2.001065002653271,0.6286086594223741,3.4398202113181573,0.025495201702411357,3.791525257145192,320.0,True,141
pb_cnn_20,pb_cnn_20,sweep_all,cnn.cnn_paired_bias,nnenum,"R,P",missing,missing,,6.396929655216146,0.875,30.18135161022265,0.02582298405468464,43.323954172159695,2.001065002653271,0.6286086594223741,3.4398202113181573,0.025495201702411357,3.791525257145192,320.0,True,141
pb_cnn_20,pb_cnn_20,sweep_all,cnn.cnn_paired_bias,pyrat,D,TIMEOUT,timeout,600.0699231624603,6.396929655216146,0.875,30.18135161022265,0.02582298405468464,43.323954172159695,2.001065002653271,0.6286086594223741,3.4398202113181573,0.025495201702411357,3.791525257145192,320.0,True,141
pb_cnn_21,pb_cnn_21,sweep_all,cnn.cnn_paired_bias,abcrown,"D,P",UNSAT,solved,66.8030252456665,6.343880434126331,0.925,28.534010291300763,0.10301987081766129,8.34221719625957,1.9938673724294378,0.6549259677397475,3.385542490507564,0.09805175535629251,2.2345436112486987,320.0,True,142
pb_cnn_21,pb_cnn_21,sweep_all,cnn.cnn_paired_bias,marabou,"S,P",UNSAT,solved,1.2721452713012695,6.343880434126331,0.925,28.534010291300763,0.10301987081766129,8.34221719625957,1.9938673724294378,0.6549259677397475,3.385542490507564,0.09805175535629251,2.2345436112486987,320.0,True,142
pb_cnn_21,pb_cnn_21,sweep_all,cnn.cnn_paired_bias,neuralsat,S,UNSAT,solved,237.37106847763062,6.343880434126331,0.925,28.534010291300763,0.10301987081766129,8.34221719625957,1.9938673724294378,0.6549259677397475,3.385542490507564,0.09805175535629251,2.2345436112486987,320.0,True,142
pb_cnn_21,pb_cnn_21,sweep_all,cnn.cnn_paired_bias,nnenum,"R,P",missing,missing,,6.343880434126331,0.925,28.534010291300763,0.10301987081766129,8.34221719625957,1.9938673724294378,0.6549259677397475,3.385542490507564,0.09805175535629251,2.2345436112486987,320.0,True,142
pb_cnn_21,pb_cnn_21,sweep_all,cnn.cnn_paired_bias,pyrat,D,UNSAT,solved,4.56089186668396,6.343880434126331,0.925,28.534010291300763,0.10301987081766129,8.34221719625957,1.9938673724294378,0.6549259677397475,3.385542490507564,0.09805175535629251,2.2345436112486987,320.0,True,142
pb_cnn_22,pb_cnn_22,sweep_all,cnn.cnn_paired_bias,abcrown,"D,P",UNSAT,solved,61.550108909606934,6.375024819828097,0.925,28.737581788864738,0.1055566743016243,8.11839660366133,1.9980992676206404,0.6549259677397475,3.392411625986445,0.10034898576488747,2.210293977627627,320.0,True,143
pb_cnn_22,pb_cnn_22,sweep_all,cnn.cnn_paired_bias,marabou,"S,P",UNSAT,solved,1.4070298671722412,6.375024819828097,0.925,28.737581788864738,0.1055566743016243,8.11839660366133,1.9980992676206404,0.6549259677397475,3.392411625986445,0.10034898576488747,2.210293977627627,320.0,True,143
pb_cnn_22,pb_cnn_22,sweep_all,cnn.cnn_paired_bias,neuralsat,S,UNSAT,solved,209.45418000221252,6.375024819828097,0.925,28.737581788864738,0.1055566743016243,8.11839660366133,1.9980992676206404,0.6549259677397475,3.392411625986445,0.10034898576488747,2.210293977627627,320.0,True,143
pb_cnn_22,pb_cnn_22,sweep_all,cnn.cnn_paired_bias,nnenum,"R,P",missing,missing,,6.375024819828097,0.925,28.737581788864738,0.1055566743016243,8.11839660366133,1.9980992676206404,0.6549259677397475,3.392411625986445,0.10034898576488747,2.210293977627627,320.0,True,143
pb_cnn_22,pb_cnn_22,sweep_all,cnn.cnn_paired_bias,pyrat,D,UNSAT,solved,3.4053311347961426,6.375024819828097,0.925,28.737581788864738,0.1055566743016243,8.11839660366133,1.9980992676206404,0.6549259677397475,3.392411625986445,0.10034898576488747,2.210293977627627,320.0,True,143
pb_cnn_23,pb_cnn_23,sweep_all,cnn.cnn_paired_bias,abcrown,"D,P",UNSAT,solved,49.64501905441284,6.393590753950631,0.925,28.794371154979498,0.11405444145202637,7.456514604463668,2.0006135105853975,0.6549259677397475,3.3943194882530885,0.10800601055516965,2.1349371034408944,320.0,True,144
pb_cnn_23,pb_cnn_23,sweep_all,cnn.cnn_paired_bias,marabou,"S,P",UNSAT,solved,0.1103980541229248,6.393590753950631,0.925,28.794371154979498,0.11405444145202637,7.456514604463668,2.0006135105853975,0.6549259677397475,3.3943194882530885,0.10800601055516965,2.1349371034408944,320.0,True,144
pb_cnn_23,pb_cnn_23,sweep_all,cnn.cnn_paired_bias,neuralsat,S,UNSAT,solved,87.84225130081177,6.393590753950631,0.925,28.794371154979498,0.11405444145202637,7.456514604463668,2.0006135105853975,0.6549259677397475,3.3943194882530885,0.10800601055516965,2.1349371034408944,320.0,True,144
pb_cnn_23,pb_cnn_23,sweep_all,cnn.cnn_paired_bias,nnenum,"R,P",missing,missing,,6.393590753950631,0.925,28.794371154979498,0.11405444145202637,7.456514604463668,2.0006135105853975,0.6549259677397475,3.3943194882530885,0.10800601055516965,2.1349371034408944,320.0,True,144
pb_cnn_23,pb_cnn_23,sweep_all,cnn.cnn_paired_bias,pyrat,D,UNSAT,solved,3.24403715133667,6.393590753950631,0.925,28.794371154979498,0.11405444145202637,7.456514604463668,2.0006135105853975,0.6549259677397475,3.3943194882530885,0.10800601055516965,2.1349371034408944,320.0,True,144
pb_cnn_24,pb_cnn_24,sweep_all,cnn.cnn_paired_bias,abcrown,"D,P",UNSAT,solved,47.74003005027771,6.386879319362645,0.9125,28.60273275372249,0.12897007167339325,6.516308137351576,1.9997053615189657,0.6484112867185539,3.387866679829426,0.12130577611234841,2.0170750782296802,320.0,True,145
pb_cnn_24,pb_cnn_24,sweep_all,cnn.cnn_paired_bias,marabou,"S,P",UNSAT,solved,0.13069868087768555,6.386879319362645,0.9125,28.60273275372249,0.12897007167339325,6.516308137351576,1.9997053615189657,0.6484112867185539,3.387866679829426,0.12130577611234841,2.0170750782296802,320.0,True,145
pb_cnn_24,pb_cnn_24,sweep_all,cnn.cnn_paired_bias,neuralsat,S,UNSAT,solved,85.75031065940857,6.386879319362645,0.9125,28.60273275372249,0.12897007167339325,6.516308137351576,1.9997053615189657,0.6484112867185539,3.387866679829426,0.12130577611234841,2.0170750782296802,320.0,True,145
pb_cnn_24,pb_cnn_24,sweep_all,cnn.cnn_paired_bias,nnenum,"R,P",missing,missing,,6.386879319362645,0.9125,28.60273275372249,0.12897007167339325,6.516308137351576,1.9997053615189657,0.6484112867185539,3.387866679829426,0.12130577611234841,2.0170750782296802,320.0,True,145
pb_cnn_24,pb_cnn_24,sweep_all,cnn.cnn_paired_bias,pyrat,D,UNSAT,solved,3.4861390590667725,6.386879319362645,0.9125,28.60273275372249,0.12897007167339325,6.516308137351576,1.9997053615189657,0.6484112867185539,3.387866679829426,0.12130577611234841,2.0170750782296802,320.0,True,145
pb_cnn_25,pb_cnn_25,sweep_all,cnn.cnn_paired_bias,abcrown,"D,P",UNSAT,solved,48.39707136154175,6.327936783729195,0.903125,27.217480870199733,0.16176484525203705,5.0927134711782935,1.9916940006601098,0.6434972719161248,3.339941674906411,0.14994026725468632,1.8070935442584704,320.0,True,146
pb_cnn_25,pb_cnn_25,sweep_all,cnn.cnn_paired_bias,marabou,"S,P",UNSAT,solved,0.11315298080444336,6.327936783729195,0.903125,27.217480870199733,0.16176484525203705,5.0927134711782935,1.9916940006601098,0.6434972719161248,3.339941674906411,0.14994026725468632,1.8070935442584704,320.0,True,146
pb_cnn_25,pb_cnn_25,sweep_all,cnn.cnn_paired_bias,neuralsat,S,UNSAT,solved,97.47854089736938,6.327936783729195,0.903125,27.217480870199733,0.16176484525203705,5.0927134711782935,1.9916940006601098,0.6434972719161248,3.339941674906411,0.14994026725468632,1.8070935442584704,320.0,True,146
pb_cnn_25,pb_cnn_25,sweep_all,cnn.cnn_paired_bias,nnenum,"R,P",missing,missing,,6.327936783729195,0.903125,27.217480870199733,0.16176484525203705,5.0927134711782935,1.9916940006601098,0.6434972719161248,3.339941674906411,0.14994026725468632,1.8070935442584704,320.0,True,146
pb_cnn_25,pb_cnn_25,sweep_all,cnn.cnn_paired_bias,pyrat,D,UNSAT,solved,3.355745792388916,6.327936783729195,0.903125,27.217480870199733,0.16176484525203705,5.0927134711782935,1.9916940006601098,0.6434972719161248,3.339941674906411,0.14994026725468632,1.8070935442584704,320.0,True,146
pb_cnn_26,pb_cnn_26,sweep_all,cnn.cnn_paired_bias,abcrown,"D,P",UNSAT,solved,47.62604308128357,6.396929655216146,0.875,29.063403980512696,0.10496724396944046,10.66247380382241,2.001065002653271,0.6286086594223741,3.4033086174517297,0.09981569106377018,2.4563763199820787,320.0,True,147
pb_cnn_26,pb_cnn_26,sweep_all,cnn.cnn_paired_bias,marabou,"S,P",UNSAT,solved,0.1596510410308838,6.396929655216146,0.875,29.063403980512696,0.10496724396944046,10.66247380382241,2.001065002653271,0.6286086594223741,3.4033086174517297,0.09981569106377018,2.4563763199820787,320.0,True,147
pb_cnn_26,pb_cnn_26,sweep_all,cnn.cnn_paired_bias,neuralsat,S,UNSAT,solved,98.24229598045349,6.396929655216146,0.875,29.063403980512696,0.10496724396944046,10.66247380382241,2.001065002653271,0.6286086594223741,3.4033086174517297,0.09981569106377018,2.4563763199820787,320.0,True,147
pb_cnn_26,pb_cnn_26,sweep_all,cnn.cnn_paired_bias,nnenum,"R,P",missing,missing,,6.396929655216146,0.875,29.063403980512696,0.10496724396944046,10.66247380382241,2.001065002653271,0.6286086594223741,3.4033086174517297,0.09981569106377018,2.4563763199820787,320.0,True,147
pb_cnn_26,pb_cnn_26,sweep_all,cnn.cnn_paired_bias,pyrat,D,UNSAT,solved,4.420171022415161,6.396929655216146,0.875,29.063403980512696,0.10496724396944046,10.66247380382241,2.001065002653271,0.6286086594223741,3.4033086174517297,0.09981569106377018,2.4563763199820787,320.0,True,147
pb_cnn_27,pb_cnn_27,sweep_all,cnn.cnn_paired_bias,abcrown,"D,P",UNSAT,solved,47.874905586242676,6.396929655216146,0.875,29.386281505107696,0.10984830558300018,10.186897899265562,2.001065002653271,0.6286086594223741,3.413991240281554,0.10422334434825362,2.4147432630926144,320.0,True,148
pb_cnn_27,pb_cnn_27,sweep_all,cnn.cnn_paired_bias,marabou,"S,P",UNSAT,solved,0.11082983016967773,6.396929655216146,0.875,29.386281505107696,0.10984830558300018,10.186897899265562,2.001065002653271,0.6286086594223741,3.413991240281554,0.10422334434825362,2.4147432630926144,320.0,True,148
pb_cnn_27,pb_cnn_27,sweep_all,cnn.cnn_paired_bias,neuralsat,S,UNSAT,solved,91.49835062026978,6.396929655216146,0.875,29.386281505107696,0.10984830558300018,10.186897899265562,2.001065002653271,0.6286086594223741,3.413991240281554,0.10422334434825362,2.4147432630926144,320.0,True,148
pb_cnn_27,pb_cnn_27,sweep_all,cnn.cnn_paired_bias,nnenum,"R,P",missing,missing,,6.396929655216146,0.875,29.386281505107696,0.10984830558300018,10.186897899265562,2.001065002653271,0.6286086594223741,3.413991240281554,0.10422334434825362,2.4147432630926144,320.0,True,148
pb_cnn_27,pb_cnn_27,sweep_all,cnn.cnn_paired_bias,pyrat,D,UNSAT,solved,4.256605386734009,6.396929655216146,0.875,29.386281505107696,0.10984830558300018,10.186897899265562,2.001065002653271,0.6286086594223741,3.413991240281554,0.10422334434825362,2.4147432630926144,320.0,True,148
pb_cnn_28,pb_cnn_28,sweep_all,cnn.cnn_paired_bias,abcrown,"D,P",UNSAT,solved,49.26461219787598,6.396929655216146,0.875,30.557120803272078,0.1251244693994522,8.94353671517586,2.001065002653271,0.6286086594223741,3.4517992625153964,0.11789366900246886,2.2969227637401324,320.0,True,149
pb_cnn_28,pb_cnn_28,sweep_all,cnn.cnn_paired_bias,marabou,"S,P",UNSAT,solved,0.16847920417785645,6.396929655216146,0.875,30.557120803272078,0.1251244693994522,8.94353671517586,2.001065002653271,0.6286086594223741,3.4517992625153964,0.11789366900246886,2.2969227637401324,320.0,True,149
pb_cnn_28,pb_cnn_28,sweep_all,cnn.cnn_paired_bias,neuralsat,S,UNSAT,solved,95.57306385040283,6.396929655216146,0.875,30.557120803272078,0.1251244693994522,8.94353671517586,2.001065002653271,0.6286086594223741,3.4517992625153964,0.11789366900246886,2.2969227637401324,320.0,True,149
pb_cnn_28,pb_cnn_28,sweep_all,cnn.cnn_paired_bias,nnenum,"R,P",missing,missing,,6.396929655216146,0.875,30.557120803272078,0.1251244693994522,8.94353671517586,2.001065002653271,0.6286086594223741,3.4517992625153964,0.11789366900246886,2.2969227637401324,320.0,True,149
pb_cnn_28,pb_cnn_28,sweep_all,cnn.cnn_paired_bias,pyrat,D,UNSAT,solved,3.5171310901641846,6.396929655216146,0.875,30.557120803272078,0.1251244693994522,8.94353671517586,2.001065002653271,0.6286086594223741,3.4517992625153964,0.11789366900246886,2.2969227637401324,320.0,True,149
pb_cnn_29,pb_cnn_29,sweep_all,cnn.cnn_paired_bias,abcrown,"D,P",UNSAT,solved,49.96267008781433,6.39024066706535,0.878125,30.633007956091372,0.15077097713947296,7.423915867691927,2.0001603010151285,0.6302739387414353,3.4542011309968124,0.14043213265136678,2.1310747875657436,320.0,True,150
pb_cnn_29,pb_cnn_29,sweep_all,cnn.cnn_paired_bias,marabou,"S,P",UNSAT,solved,0.1077427864074707,6.39024066706535,0.878125,30.633007956091372,0.15077097713947296,7.423915867691927,2.0001603010151285,0.6302739387414353,3.4542011309968124,0.14043213265136678,2.1310747875657436,320.0,True,150
pb_cnn_29,pb_cnn_29,sweep_all,cnn.cnn_paired_bias,neuralsat,S,UNSAT,solved,84.27858304977417,6.39024066706535,0.878125,30.633007956091372,0.15077097713947296,7.423915867691927,2.0001603010151285,0.6302739387414353,3.4542011309968124,0.14043213265136678,2.1310747875657436,320.0,True,150
pb_cnn_29,pb_cnn_29,sweep_all,cnn.cnn_paired_bias,nnenum,"R,P",missing,missing,,6.39024066706535,0.878125,30.633007956091372,0.15077097713947296,7.423915867691927,2.0001603010151285,0.6302739387414353,3.4542011309968124,0.14043213265136678,2.1310747875657436,320.0,True,150
pb_cnn_29,pb_cnn_29,sweep_all,cnn.cnn_paired_bias,pyrat,D,UNSAT,solved,3.7177908420562744,6.39024066706535,0.878125,30.633007956091372,0.15077097713947296,7.423915867691927,2.0001603010151285,0.6302739387414353,3.4542011309968124,0.14043213265136678,2.1310747875657436,320.0,True,150
pb_cnn_30,pb_cnn_30,sweep_all,cnn.cnn_paired_bias,abcrown,"D,P",UNSAT,solved,49.18601202964783,6.3784261836515865,0.871875,30.8595101865516,0.20334160327911377,5.516683834033253,1.9985603616227083,0.6269406023216771,3.4613359304325106,0.1851023561841836,1.8743656321382993,320.0,True,151
pb_cnn_30,pb_cnn_30,sweep_all,cnn.cnn_paired_bias,marabou,"S,P",UNSAT,solved,0.14322185516357422,6.3784261836515865,0.871875,30.8595101865516,0.20334160327911377,5.516683834033253,1.9985603616227083,0.6269406023216771,3.4613359304325106,0.1851023561841836,1.8743656321382993,320.0,True,151
pb_cnn_30,pb_cnn_30,sweep_all,cnn.cnn_paired_bias,neuralsat,S,UNSAT,solved,65.92096877098083,6.3784261836515865,0.871875,30.8595101865516,0.20334160327911377,5.516683834033253,1.9985603616227083,0.6269406023216771,3.4613359304325106,0.1851023561841836,1.8743656321382993,320.0,True,151
pb_cnn_30,pb_cnn_30,sweep_all,cnn.cnn_paired_bias,nnenum,"R,P",missing,missing,,6.3784261836515865,0.871875,30.8595101865516,0.20334160327911377,5.516683834033253,1.9985603616227083,0.6269406023216771,3.4613359304325106,0.1851023561841836,1.8743656321382993,320.0,True,151
pb_cnn_30,pb_cnn_30,sweep_all,cnn.cnn_paired_bias,pyrat,D,UNSAT,solved,3.7706589698791504,6.3784261836515865,0.871875,30.8595101865516,0.20334160327911377,5.516683834033253,1.9985603616227083,0.6269406023216771,3.4613359304325106,0.1851023561841836,1.8743656321382993,320.0,True,151
pb_cnn_31,pb_cnn_31,sweep_all,cnn.cnn_paired_bias,abcrown,"D,P",UNSAT,solved,48.07004380226135,6.396929655216146,0.8576388888888888,27.4726077759431,0.11929044127464294,4.248987251892631,2.001065002653271,0.6193062667600606,3.348942494423692,0.11269494996296184,1.6580351535936815,288.0,True,152
pb_cnn_31,pb_cnn_31,sweep_all,cnn.cnn_paired_bias,marabou,"S,P",UNSAT,solved,0.08937382698059082,6.396929655216146,0.8576388888888888,27.4726077759431,0.11929044127464294,4.248987251892631,2.001065002653271,0.6193062667600606,3.348942494423692,0.11269494996296184,1.6580351535936815,288.0,True,152
pb_cnn_31,pb_cnn_31,sweep_all,cnn.cnn_paired_bias,neuralsat,S,UNSAT,solved,85.96608853340149,6.396929655216146,0.8576388888888888,27.4726077759431,0.11929044127464294,4.248987251892631,2.001065002653271,0.6193062667600606,3.348942494423692,0.11269494996296184,1.6580351535936815,288.0,True,152
pb_cnn_31,pb_cnn_31,sweep_all,cnn.cnn_paired_bias,nnenum,"R,P",missing,missing,,6.396929655216146,0.8576388888888888,27.4726077759431,0.11929044127464294,4.248987251892631,2.001065002653271,0.6193062667600606,3.348942494423692,0.11269494996296184,1.6580351535936815,288.0,True,152
pb_cnn_31,pb_cnn_31,sweep_all,cnn.cnn_paired_bias,pyrat,D,UNSAT,solved,3.668743848800659,6.396929655216146,0.8576388888888888,27.4726077759431,0.11929044127464294,4.248987251892631,2.001065002653271,0.6193062667600606,3.348942494423692,0.11269494996296184,1.6580351535936815,288.0,True,152
pb_cnn_32,pb_cnn_32,sweep_all,cnn.cnn_paired_bias,abcrown,"D,P",UNSAT,solved,49.50584864616394,6.396929655216146,0.925,28.69564428013545,0.11414439976215363,7.451426162592365,2.001065002653271,0.6549259677397475,3.3910003778189335,0.10808675587153209,2.134335203766058,320.0,True,153
pb_cnn_32,pb_cnn_32,sweep_all,cnn.cnn_paired_bias,marabou,"S,P",UNSAT,solved,0.15840625762939453,6.396929655216146,0.925,28.69564428013545,0.11414439976215363,7.451426162592365,2.001065002653271,0.6549259677397475,3.3910003778189335,0.10808675587153209,2.134335203766058,320.0,True,153
pb_cnn_32,pb_cnn_32,sweep_all,cnn.cnn_paired_bias,neuralsat,S,UNSAT,solved,87.87841820716858,6.396929655216146,0.925,28.69564428013545,0.11414439976215363,7.451426162592365,2.001065002653271,0.6549259677397475,3.3910003778189335,0.10808675587153209,2.134335203766058,320.0,True,153
pb_cnn_32,pb_cnn_32,sweep_all,cnn.cnn_paired_bias,nnenum,"R,P",missing,missing,,6.396929655216146,0.925,28.69564428013545,0.11414439976215363,7.451426162592365,2.001065002653271,0.6549259677397475,3.3910003778189335,0.10808675587153209,2.134335203766058,320.0,True,153
pb_cnn_32,pb_cnn_32,sweep_all,cnn.cnn_paired_bias,pyrat,D,UNSAT,solved,3.705457925796509,6.396929655216146,0.925,28.69564428013545,0.11414439976215363,7.451426162592365,2.001065002653271,0.6549259677397475,3.3910003778189335,0.10808675587153209,2.134335203766058,320.0,True,153
pb_cnn_33,pb_cnn_33,sweep_all,cnn.cnn_paired_bias,abcrown,"D,P",UNSAT,solved,67.89401531219482,6.359573868672378,0.9488636363636364,28.210334881534756,0.12343928962945938,9.204174606469563,1.9960020327864054,0.6672464521277881,3.3745225809534025,0.116394774360294,2.3227969117040734,352.0,True,154
pb_cnn_33,pb_cnn_33,sweep_all,cnn.cnn_paired_bias,marabou,"S,P",UNSAT,solved,0.1349179744720459,6.359573868672378,0.9488636363636364,28.210334881534756,0.12343928962945938,9.204174606469563,1.9960020327864054,0.6672464521277881,3.3745225809534025,0.116394774360294,2.3227969117040734,352.0,True,154
pb_cnn_33,pb_cnn_33,sweep_all,cnn.cnn_paired_bias,neuralsat,S,UNSAT,solved,288.55443120002747,6.359573868672378,0.9488636363636364,28.210334881534756,0.12343928962945938,9.204174606469563,1.9960020327864054,0.6672464521277881,3.3745225809534025,0.116394774360294,2.3227969117040734,352.0,True,154
pb_cnn_33,pb_cnn_33,sweep_all,cnn.cnn_paired_bias,nnenum,"R,P",missing,missing,,6.359573868672378,0.9488636363636364,28.210334881534756,0.12343928962945938,9.204174606469563,1.9960020327864054,0.6672464521277881,3.3745225809534025,0.116394774360294,2.3227969117040734,352.0,True,154
pb_cnn_33,pb_cnn_33,sweep_all,cnn.cnn_paired_bias,pyrat,D,UNSAT,solved,4.1149210929870605,6.359573868672378,0.9488636363636364,28.210334881534756,0.12343928962945938,9.204174606469563,1.9960020327864054,0.6672464521277881,3.3745225809534025,0.116394774360294,2.3227969117040734,352.0,True,154
pb_cnn_34,pb_cnn_34,sweep_all,cnn.cnn_paired_bias,abcrown,"D,P",UNSAT,solved,52.697962522506714,6.396929655216146,0.9270833333333334,30.84512351385203,0.12499966472387314,30.87327005225471,2.001065002653271,0.6560076336104886,3.460884262410627,0.11778273763311517,3.461767729135324,384.0,True,155
pb_cnn_34,pb_cnn_34,sweep_all,cnn.cnn_paired_bias,marabou,"S,P",UNSAT,solved,0.20232009887695312,6.396929655216146,0.9270833333333334,30.84512351385203,0.12499966472387314,30.87327005225471,2.001065002653271,0.6560076336104886,3.460884262410627,0.11778273763311517,3.461767729135324,384.0,True,155
pb_cnn_34,pb_cnn_34,sweep_all,cnn.cnn_paired_bias,neuralsat,S,UNSAT,solved,111.83025979995728,6.396929655216146,0.9270833333333334,30.84512351385203,0.12499966472387314,30.87327005225471,2.001065002653271,0.6560076336104886,3.460884262410627,0.11778273763311517,3.461767729135324,384.0,True,155
pb_cnn_34,pb_cnn_34,sweep_all,cnn.cnn_paired_bias,nnenum,"R,P",missing,missing,,6.396929655216146,0.9270833333333334,30.84512351385203,0.12499966472387314,30.87327005225471,2.001065002653271,0.6560076336104886,3.460884262410627,0.11778273763311517,3.461767729135324,384.0,True,155
pb_cnn_34,pb_cnn_34,sweep_all,cnn.cnn_paired_bias,pyrat,D,UNSAT,solved,3.932561159133911,6.396929655216146,0.9270833333333334,30.84512351385203,0.12499966472387314,30.87327005225471,2.001065002653271,0.6560076336104886,3.460884262410627,0.11778273763311517,3.461767729135324,384.0,True,155
pb_cnn_35,pb_cnn_35,sweep_all,cnn.cnn_paired_bias,abcrown,"D,P",UNSAT,solved,46.805909633636475,6.393590753950631,0.7569444444444444,27.99785421425675,0.12196370959281921,6.142929262149557,2.0006135105853975,0.5635761891515196,3.3672218346370495,0.11508046218598673,1.9661229530227993,288.0,True,156
pb_cnn_35,pb_cnn_35,sweep_all,cnn.cnn_paired_bias,marabou,"S,P",UNSAT,solved,0.09370017051696777,6.393590753950631,0.7569444444444444,27.99785421425675,0.12196370959281921,6.142929262149557,2.0006135105853975,0.5635761891515196,3.3672218346370495,0.11508046218598673,1.9661229530227993,288.0,True,156
pb_cnn_35,pb_cnn_35,sweep_all,cnn.cnn_paired_bias,neuralsat,S,UNSAT,solved,86.83051133155823,6.393590753950631,0.7569444444444444,27.99785421425675,0.12196370959281921,6.142929262149557,2.0006135105853975,0.5635761891515196,3.3672218346370495,0.11508046218598673,1.9661229530227993,288.0,True,156
pb_cnn_35,pb_cnn_35,sweep_all,cnn.cnn_paired_bias,nnenum,"R,P",missing,missing,,6.393590753950631,0.7569444444444444,27.99785421425675,0.12196370959281921,6.142929262149557,2.0006135105853975,0.5635761891515196,3.3672218346370495,0.11508046218598673,1.9661229530227993,288.0,True,156
pb_cnn_35,pb_cnn_35,sweep_all,cnn.cnn_paired_bias,pyrat,D,UNSAT,solved,3.7234182357788086,6.393590753950631,0.7569444444444444,27.99785421425675,0.12196370959281921,6.142929262149557,2.0006135105853975,0.5635761891515196,3.3672218346370495,0.11508046218598673,1.9661229530227993,288.0,True,156
pb_cnn_36,pb_cnn_36,sweep_all,cnn.cnn_paired_bias,abcrown,"D,P",UNSAT,solved,47.06325364112854,6.396929655216146,0.875,30.123601020289417,0.12521634995937347,8.937707950790248,2.001065002653271,0.6286086594223741,3.437966406635423,0.11797532824197776,2.296336405627193,320.0,True,157
pb_cnn_36,pb_cnn_36,sweep_all,cnn.cnn_paired_bias,marabou,"S,P",UNSAT,solved,0.1350691318511963,6.396929655216146,0.875,30.123601020289417,0.12521634995937347,8.937707950790248,2.001065002653271,0.6286086594223741,3.437966406635423,0.11797532824197776,2.296336405627193,320.0,True,157
pb_cnn_36,pb_cnn_36,sweep_all,cnn.cnn_paired_bias,neuralsat,S,UNSAT,solved,87.26224970817566,6.396929655216146,0.875,30.123601020289417,0.12521634995937347,8.937707950790248,2.001065002653271,0.6286086594223741,3.437966406635423,0.11797532824197776,2.296336405627193,320.0,True,157
pb_cnn_36,pb_cnn_36,sweep_all,cnn.cnn_paired_bias,nnenum,"R,P",missing,missing,,6.396929655216146,0.875,30.123601020289417,0.12521634995937347,8.937707950790248,2.001065002653271,0.6286086594223741,3.437966406635423,0.11797532824197776,2.296336405627193,320.0,True,157
pb_cnn_36,pb_cnn_36,sweep_all,cnn.cnn_paired_bias,pyrat,D,UNSAT,solved,3.428954839706421,6.396929655216146,0.875,30.123601020289417,0.12521634995937347,8.937707950790248,2.001065002653271,0.6286086594223741,3.437966406635423,0.11797532824197776,2.296336405627193,320.0,True,157
pb_cnn_37,pb_cnn_37,sweep_all,cnn.cnn_paired_bias,abcrown,"D,P",UNSAT,solved,51.52095985412598,6.386879319362645,0.8778409090909091,29.95125955044466,0.11598328500986099,15.366086544537323,1.9997053615189657,0.6301226642535892,3.43241369460123,0.10973588625722369,2.7952113001602124,352.0,True,158
pb_cnn_37,pb_cnn_37,sweep_all,cnn.cnn_paired_bias,marabou,"S,P",UNSAT,solved,0.13031983375549316,6.386879319362645,0.8778409090909091,29.95125955044466,0.11598328500986099,15.366086544537323,1.9997053615189657,0.6301226642535892,3.43241369460123,0.10973588625722369,2.7952113001602124,352.0,True,158
pb_cnn_37,pb_cnn_37,sweep_all,cnn.cnn_paired_bias,neuralsat,S,UNSAT,solved,101.35453605651855,6.386879319362645,0.8778409090909091,29.95125955044466,0.11598328500986099,15.366086544537323,1.9997053615189657,0.6301226642535892,3.43241369460123,0.10973588625722369,2.7952113001602124,352.0,True,158
pb_cnn_37,pb_cnn_37,sweep_all,cnn.cnn_paired_bias,nnenum,"R,P",missing,missing,,6.386879319362645,0.8778409090909091,29.95125955044466,0.11598328500986099,15.366086544537323,1.9997053615189657,0.6301226642535892,3.43241369460123,0.10973588625722369,2.7952113001602124,352.0,True,158
pb_cnn_37,pb_cnn_37,sweep_all,cnn.cnn_paired_bias,pyrat,D,UNSAT,solved,4.17334508895874,6.386879319362645,0.8778409090909091,29.95125955044466,0.11598328500986099,15.366086544537323,1.9997053615189657,0.6301226642535892,3.43241369460123,0.10973588625722369,2.7952113001602124,352.0,True,158
pb_cnn_38,pb_cnn_38,sweep_all,cnn.cnn_paired_bias,abcrown,"D,P",UNSAT,solved,53.72061371803284,6.396929655216146,0.8984375,30.609689825433012,0.13124972581863403,24.614496787966893,2.001065002653271,0.6410311794209312,3.453463713633765,0.1233229736617012,3.2431584719890174,384.0,True,159
pb_cnn_38,pb_cnn_38,sweep_all,cnn.cnn_paired_bias,marabou,"S,P",UNSAT,solved,0.15016508102416992,6.396929655216146,0.8984375,30.609689825433012,0.13124972581863403,24.614496787966893,2.001065002653271,0.6410311794209312,3.453463713633765,0.1233229736617012,3.2431584719890174,384.0,True,159
pb_cnn_38,pb_cnn_38,sweep_all,cnn.cnn_paired_bias,neuralsat,S,UNSAT,solved,112.04237675666809,6.396929655216146,0.8984375,30.609689825433012,0.13124972581863403,24.614496787966893,2.001065002653271,0.6410311794209312,3.453463713633765,0.1233229736617012,3.2431584719890174,384.0,True,159
pb_cnn_38,pb_cnn_38,sweep_all,cnn.cnn_paired_bias,nnenum,"R,P",missing,missing,,6.396929655216146,0.8984375,30.609689825433012,0.13124972581863403,24.614496787966893,2.001065002653271,0.6410311794209312,3.453463713633765,0.1233229736617012,3.2431584719890174,384.0,True,159
pb_cnn_38,pb_cnn_38,sweep_all,cnn.cnn_paired_bias,pyrat,D,UNSAT,solved,3.873589038848877,6.396929655216146,0.8984375,30.609689825433012,0.13124972581863403,24.614496787966893,2.001065002653271,0.6410311794209312,3.453463713633765,0.1233229736617012,3.2431584719890174,384.0,True,159
pb_cnn_39,pb_cnn_39,sweep_all,cnn.cnn_paired_bias,abcrown,"D,P",UNSAT,solved,60.18047308921814,6.391917113392602,0.925,28.917086427611103,0.11416172236204147,7.450447240132128,2.0003871212614466,0.6549259677397475,3.3984297696083443,0.1081023036454364,2.1342193677947416,320.0,True,160
pb_cnn_39,pb_cnn_39,sweep_all,cnn.cnn_paired_bias,marabou,"S,P",UNSAT,solved,0.11380696296691895,6.391917113392602,0.925,28.917086427611103,0.11416172236204147,7.450447240132128,2.0003871212614466,0.6549259677397475,3.3984297696083443,0.1081023036454364,2.1342193677947416,320.0,True,160
pb_cnn_39,pb_cnn_39,sweep_all,cnn.cnn_paired_bias,neuralsat,S,UNSAT,solved,81.69042086601257,6.391917113392602,0.925,28.917086427611103,0.11416172236204147,7.450447240132128,2.0003871212614466,0.6549259677397475,3.3984297696083443,0.1081023036454364,2.1342193677947416,320.0,True,160
pb_cnn_39,pb_cnn_39,sweep_all,cnn.cnn_paired_bias,nnenum,"R,P",missing,missing,,6.391917113392602,0.925,28.917086427611103,0.11416172236204147,7.450447240132128,2.0003871212614466,0.6549259677397475,3.3984297696083443,0.1081023036454364,2.1342193677947416,320.0,True,160
pb_cnn_39,pb_cnn_39,sweep_all,cnn.cnn_paired_bias,pyrat,D,UNSAT,solved,4.0839409828186035,6.391917113392602,0.925,28.917086427611103,0.11416172236204147,7.450447240132128,2.0003871212614466,0.6549259677397475,3.3984297696083443,0.1081023036454364,2.1342193677947416,320.0,True,160
pb_cnn_40,pb_cnn_40,sweep_all,cnn.cnn_paired_bias,abcrown,"D,P",TIMEOUT,timeout,600.1447658538818,6.396929655216146,0.95,109.00199360395587,0.11089205741882324,15.174687980255102,2.001065002653271,0.6678293725756554,4.700498489300511,0.10516334789848199,2.7834475499539253,1280.0,True,161
pb_cnn_40,pb_cnn_40,sweep_all,cnn.cnn_paired_bias,marabou,"S,P",TIMEOUT,timeout,600.073075056076,6.396929655216146,0.95,109.00199360395587,0.11089205741882324,15.174687980255102,2.001065002653271,0.6678293725756554,4.700498489300511,0.10516334789848199,2.7834475499539253,1280.0,True,161
pb_cnn_40,pb_cnn_40,sweep_all,cnn.cnn_paired_bias,neuralsat,S,TIMEOUT,timeout,600.7665739059448,6.396929655216146,0.95,109.00199360395587,0.11089205741882324,15.174687980255102,2.001065002653271,0.6678293725756554,4.700498489300511,0.10516334789848199,2.7834475499539253,1280.0,True,161
pb_cnn_40,pb_cnn_40,sweep_all,cnn.cnn_paired_bias,nnenum,"R,P",missing,missing,,6.396929655216146,0.95,109.00199360395587,0.11089205741882324,15.174687980255102,2.001065002653271,0.6678293725756554,4.700498489300511,0.10516334789848199,2.7834475499539253,1280.0,True,161
pb_cnn_40,pb_cnn_40,sweep_all,cnn.cnn_paired_bias,pyrat,D,TIMEOUT,timeout,600.0375089645386,6.396929655216146,0.95,109.00199360395587,0.11089205741882324,15.174687980255102,2.001065002653271,0.6678293725756554,4.700498489300511,0.10516334789848199,2.7834475499539253,1280.0,True,161
pb_cnn_41,pb_cnn_41,sweep_all,cnn.cnn_paired_bias,abcrown,"D,P",TIMEOUT,timeout,600.1470582485199,6.396929655216146,0.9496527777777778,244.7585837985197,0.11204013973474503,17.154746317669346,2.001065002653271,0.667651294042552,5.504349687404129,0.10619629206067731,2.8989320316301086,2880.0,True,162
pb_cnn_41,pb_cnn_41,sweep_all,cnn.cnn_paired_bias,marabou,"S,P",TIMEOUT,timeout,600.2729876041412,6.396929655216146,0.9496527777777778,244.7585837985197,0.11204013973474503,17.154746317669346,2.001065002653271,0.667651294042552,5.504349687404129,0.10619629206067731,2.8989320316301086,2880.0,True,162
pb_cnn_41,pb_cnn_41,sweep_all,cnn.cnn_paired_bias,neuralsat,S,TIMEOUT,timeout,600.9113318920135,6.396929655216146,0.9496527777777778,244.7585837985197,0.11204013973474503,17.154746317669346,2.001065002653271,0.667651294042552,5.504349687404129,0.10619629206067731,2.8989320316301086,2880.0,True,162
pb_cnn_41,pb_cnn_41,sweep_all,cnn.cnn_paired_bias,nnenum,"R,P",missing,missing,,6.396929655216146,0.9496527777777778,244.7585837985197,0.11204013973474503,17.154746317669346,2.001065002653271,0.667651294042552,5.504349687404129,0.10619629206067731,2.8989320316301086,2880.0,True,162
pb_cnn_41,pb_cnn_41,sweep_all,cnn.cnn_paired_bias,pyrat,D,TIMEOUT,timeout,600.0404269695282,6.396929655216146,0.9496527777777778,244.7585837985197,0.11204013973474503,17.154746317669346,2.001065002653271,0.667651294042552,5.504349687404129,0.10619629206067731,2.8989320316301086,2880.0,True,162
pb_cnn_42,pb_cnn_42,sweep_all,cnn.cnn_paired_bias,abcrown,"D,P",TIMEOUT,timeout,600.1509540081024,6.396929655216146,0.9533203125,454.1956290987046,0.11157147586345673,19.12179471323848,2.001065002653271,0.6695306489429625,6.120727280610274,0.10577475812467835,3.001803541712583,5120.0,True,163
pb_cnn_42,pb_cnn_42,sweep_all,cnn.cnn_paired_bias,marabou,"S,P",TIMEOUT,timeout,600.4936902523041,6.396929655216146,0.9533203125,454.1956290987046,0.11157147586345673,19.12179471323848,2.001065002653271,0.6695306489429625,6.120727280610274,0.10577475812467835,3.001803541712583,5120.0,True,163
pb_cnn_42,pb_cnn_42,sweep_all,cnn.cnn_paired_bias,neuralsat,S,TIMEOUT,timeout,600.9673726558685,6.396929655216146,0.9533203125,454.1956290987046,0.11157147586345673,19.12179471323848,2.001065002653271,0.6695306489429625,6.120727280610274,0.10577475812467835,3.001803541712583,5120.0,True,163
pb_cnn_42,pb_cnn_42,sweep_all,cnn.cnn_paired_bias,nnenum,"R,P",missing,missing,,6.396929655216146,0.9533203125,454.1956290987046,0.11157147586345673,19.12179471323848,2.001065002653271,0.6695306489429625,6.120727280610274,0.10577475812467835,3.001803541712583,5120.0,True,163
pb_cnn_42,pb_cnn_42,sweep_all,cnn.cnn_paired_bias,pyrat,D,TIMEOUT,timeout,600.0494372844696,6.396929655216146,0.9533203125,454.1956290987046,0.11157147586345673,19.12179471323848,2.001065002653271,0.6695306489429625,6.120727280610274,0.10577475812467835,3.001803541712583,5120.0,True,163
pb_cnn_43,pb_cnn_43,sweep_all,cnn.cnn_paired_bias,abcrown,"D,P",UNSAT,solved,71.17473292350769,6.396929655216146,0.875,30.300757512928723,0.12512657046318054,8.943403331220678,2.001065002653271,0.6286086594223741,3.443642298944265,0.11789553640631947,2.2969093495140247,320.0,True,164
pb_cnn_43,pb_cnn_43,sweep_all,cnn.cnn_paired_bias,marabou,"S,P",UNSAT,solved,0.1876668930053711,6.396929655216146,0.875,30.300757512928723,0.12512657046318054,8.943403331220678,2.001065002653271,0.6286086594223741,3.443642298944265,0.11789553640631947,2.2969093495140247,320.0,True,164
pb_cnn_43,pb_cnn_43,sweep_all,cnn.cnn_paired_bias,neuralsat,S,UNSAT,solved,90.38735699653625,6.396929655216146,0.875,30.300757512928723,0.12512657046318054,8.943403331220678,2.001065002653271,0.6286086594223741,3.443642298944265,0.11789553640631947,2.2969093495140247,320.0,True,164
pb_cnn_43,pb_cnn_43,sweep_all,cnn.cnn_paired_bias,nnenum,"R,P",missing,missing,,6.396929655216146,0.875,30.300757512928723,0.12512657046318054,8.943403331220678,2.001065002653271,0.6286086594223741,3.443642298944265,0.11789553640631947,2.2969093495140247,320.0,True,164
pb_cnn_43,pb_cnn_43,sweep_all,cnn.cnn_paired_bias,pyrat,D,UNSAT,solved,4.220729827880859,6.396929655216146,0.875,30.300757512928723,0.12512657046318054,8.943403331220678,2.001065002653271,0.6286086594223741,3.443642298944265,0.11789553640631947,2.2969093495140247,320.0,True,164
pb_cnn_44,pb_cnn_44,sweep_all,cnn.cnn_paired_bias,abcrown,"D,P",TIMEOUT,timeout,600.162323474884,6.396929655216146,0.90234375,112.15860017720465,0.12621420621871948,15.239149232260678,2.001065002653271,0.6430866786030273,4.72879037605997,0.1188617480535467,2.7874249461852094,1280.0,True,165
pb_cnn_44,pb_cnn_44,sweep_all,cnn.cnn_paired_bias,marabou,"S,P",TIMEOUT,timeout,600.0972199440002,6.396929655216146,0.90234375,112.15860017720465,0.12621420621871948,15.239149232260678,2.001065002653271,0.6430866786030273,4.72879037605997,0.1188617480535467,2.7874249461852094,1280.0,True,165
pb_cnn_44,pb_cnn_44,sweep_all,cnn.cnn_paired_bias,neuralsat,S,TIMEOUT,timeout,600.6945683956146,6.396929655216146,0.90234375,112.15860017720465,0.12621420621871948,15.239149232260678,2.001065002653271,0.6430866786030273,4.72879037605997,0.1188617480535467,2.7874249461852094,1280.0,True,165
pb_cnn_44,pb_cnn_44,sweep_all,cnn.cnn_paired_bias,nnenum,"R,P",missing,missing,,6.396929655216146,0.90234375,112.15860017720465,0.12621420621871948,15.239149232260678,2.001065002653271,0.6430866786030273,4.72879037605997,0.1188617480535467,2.7874249461852094,1280.0,True,165
pb_cnn_44,pb_cnn_44,sweep_all,cnn.cnn_paired_bias,pyrat,D,TIMEOUT,timeout,600.0388760566711,6.396929655216146,0.90234375,112.15860017720465,0.12621420621871948,15.239149232260678,2.001065002653271,0.6430866786030273,4.72879037605997,0.1188617480535467,2.7874249461852094,1280.0,True,165
pb_cnn_45,pb_cnn_45,sweep_all,cnn.cnn_paired_bias,abcrown,"D,P",TIMEOUT,timeout,600.1627252101898,6.396929655216146,0.9118055555555555,262.08130049677453,0.1274426132440567,17.558564139194576,2.001065002653271,0.648048112572561,5.572463111771907,0.11995189375486523,2.920931361175421,2880.0,True,166
pb_cnn_45,pb_cnn_45,sweep_all,cnn.cnn_paired_bias,marabou,"S,P",TIMEOUT,timeout,600.2686562538147,6.396929655216146,0.9118055555555555,262.08130049677453,0.1274426132440567,17.558564139194576,2.001065002653271,0.648048112572561,5.572463111771907,0.11995189375486523,2.920931361175421,2880.0,True,166
pb_cnn_45,pb_cnn_45,sweep_all,cnn.cnn_paired_bias,neuralsat,S,TIMEOUT,timeout,600.5193252563477,6.396929655216146,0.9118055555555555,262.08130049677453,0.1274426132440567,17.558564139194576,2.001065002653271,0.648048112572561,5.572463111771907,0.11995189375486523,2.920931361175421,2880.0,True,166
pb_cnn_45,pb_cnn_45,sweep_all,cnn.cnn_paired_bias,nnenum,"R,P",missing,missing,,6.396929655216146,0.9118055555555555,262.08130049677453,0.1274426132440567,17.558564139194576,2.001065002653271,0.648048112572561,5.572463111771907,0.11995189375486523,2.920931361175421,2880.0,True,166
pb_cnn_45,pb_cnn_45,sweep_all,cnn.cnn_paired_bias,pyrat,D,TIMEOUT,timeout,600.0445680618286,6.396929655216146,0.9118055555555555,262.08130049677453,0.1274426132440567,17.558564139194576,2.001065002653271,0.648048112572561,5.572463111771907,0.11995189375486523,2.920931361175421,2880.0,True,166
pb_cnn_46,pb_cnn_46,sweep_all,cnn.cnn_paired_bias,abcrown,"D,P",TIMEOUT,timeout,600.1710469722748,6.396929655216146,0.91484375,468.1070585030155,0.12815339863300323,19.030608254585182,2.001065002653271,0.6496360266144497,6.150831012125953,0.12058213552575957,2.997261516395145,5120.0,True,167
pb_cnn_46,pb_cnn_46,sweep_all,cnn.cnn_paired_bias,marabou,"S,P",TIMEOUT,timeout,600.5010764598846,6.396929655216146,0.91484375,468.1070585030155,0.12815339863300323,19.030608254585182,2.001065002653271,0.6496360266144497,6.150831012125953,0.12058213552575957,2.997261516395145,5120.0,True,167
pb_cnn_46,pb_cnn_46,sweep_all,cnn.cnn_paired_bias,neuralsat,S,TIMEOUT,timeout,601.0194277763367,6.396929655216146,0.91484375,468.1070585030155,0.12815339863300323,19.030608254585182,2.001065002653271,0.6496360266144497,6.150831012125953,0.12058213552575957,2.997261516395145,5120.0,True,167
pb_cnn_46,pb_cnn_46,sweep_all,cnn.cnn_paired_bias,nnenum,"R,P",missing,missing,,6.396929655216146,0.91484375,468.1070585030155,0.12815339863300323,19.030608254585182,2.001065002653271,0.6496360266144497,6.150831012125953,0.12058213552575957,2.997261516395145,5120.0,True,167
pb_cnn_46,pb_cnn_46,sweep_all,cnn.cnn_paired_bias,pyrat,D,TIMEOUT,timeout,600.039547920227,6.396929655216146,0.91484375,468.1070585030155,0.12815339863300323,19.030608254585182,2.001065002653271,0.6496360266144497,6.150831012125953,0.12058213552575957,2.997261516395145,5120.0,True,167
ld1,ld1,sweep_all,attention.linear_dominance,abcrown,"D,P",UNSAT,solved,86.77496027946472,4.23410650459726,0.0,7.337660032262575,0.142235666513443,-0.14084687354082742,1.6551961525056738,0.0,2.120782605331906,0.13298745291540062,,32.0,True,168
ld1,ld1,sweep_all,attention.linear_dominance,marabou,"S,P",ERROR,error,0.22836923599243164,4.23410650459726,0.0,7.337660032262575,0.142235666513443,-0.14084687354082742,1.6551961525056738,0.0,2.120782605331906,0.13298745291540062,,32.0,True,168
ld1,ld1,sweep_all,attention.linear_dominance,neuralsat,S,UNSAT,solved,74.06263780593872,4.23410650459726,0.0,7.337660032262575,0.142235666513443,-0.14084687354082742,1.6551961525056738,0.0,2.120782605331906,0.13298745291540062,,32.0,True,168
ld1,ld1,sweep_all,attention.linear_dominance,nnenum,"R,P",missing,missing,,4.23410650459726,0.0,7.337660032262575,0.142235666513443,-0.14084687354082742,1.6551961525056738,0.0,2.120782605331906,0.13298745291540062,,32.0,True,168
ld1,ld1,sweep_all,attention.linear_dominance,pyrat,D,ERROR,error,4.166996002197266,4.23410650459726,0.0,7.337660032262575,0.142235666513443,-0.14084687354082742,1.6551961525056738,0.0,2.120782605331906,0.13298745291540062,,32.0,True,168
ld2,ld2,sweep_all,attention.linear_dominance,abcrown,"D,P",UNSAT,solved,90.43305206298828,5.389071729816501,0.0,7.556926733955763,0.3920382857322693,-0.14432497566217847,1.8545889886375557,0.0,2.146741099281203,0.33076906565200614,,32.0,True,169
ld2,ld2,sweep_all,attention.linear_dominance,marabou,"S,P",ERROR,error,0.13773798942565918,5.389071729816501,0.0,7.556926733955763,0.3920382857322693,-0.14432497566217847,1.8545889886375557,0.0,2.146741099281203,0.33076906565200614,,32.0,True,169
ld2,ld2,sweep_all,attention.linear_dominance,neuralsat,S,UNSAT,solved,68.35003590583801,5.389071729816501,0.0,7.556926733955763,0.3920382857322693,-0.14432497566217847,1.8545889886375557,0.0,2.146741099281203,0.33076906565200614,,32.0,True,169
ld2,ld2,sweep_all,attention.linear_dominance,nnenum,"R,P",missing,missing,,5.389071729816501,0.0,7.556926733955763,0.3920382857322693,-0.14432497566217847,1.8545889886375557,0.0,2.146741099281203,0.33076906565200614,,32.0,True,169
ld2,ld2,sweep_all,attention.linear_dominance,pyrat,D,ERROR,error,2.8288369178771973,5.389071729816501,0.0,7.556926733955763,0.3920382857322693,-0.14432497566217847,1.8545889886375557,0.0,2.146741099281203,0.33076906565200614,,32.0,True,169
ld3,ld3,sweep_all,attention.linear_dominance,abcrown,"D,P",UNSAT,solved,102.00192427635193,5.771441123130016,0.0,7.437516411139662,0.6895317435264587,-0.1480669621086224,1.9127139332707952,0.0,2.132688001220717,0.5244514157062428,,32.0,True,170
ld3,ld3,sweep_all,attention.linear_dominance,marabou,"S,P",ERROR,error,0.1381394863128662,5.771441123130016,0.0,7.437516411139662,0.6895317435264587,-0.1480669621086224,1.9127139332707952,0.0,2.132688001220717,0.5244514157062428,,32.0,True,170
ld3,ld3,sweep_all,attention.linear_dominance,neuralsat,S,UNSAT,solved,72.40622639656067,5.771441123130016,0.0,7.437516411139662,0.6895317435264587,-0.1480669621086224,1.9127139332707952,0.0,2.132688001220717,0.5244514157062428,,32.0,True,170
ld3,ld3,sweep_all,attention.linear_dominance,nnenum,"R,P",missing,missing,,5.771441123130016,0.0,7.437516411139662,0.6895317435264587,-0.1480669621086224,1.9127139332707952,0.0,2.132688001220717,0.5244514157062428,,32.0,True,170
ld3,ld3,sweep_all,attention.linear_dominance,pyrat,D,ERROR,error,3.2824318408966064,5.771441123130016,0.0,7.437516411139662,0.6895317435264587,-0.1480669621086224,1.9127139332707952,0.0,2.132688001220717,0.5244514157062428,,32.0,True,170
ld4,ld4,sweep_all,attention.linear_dominance,abcrown,"D,P",UNSAT,solved,103.56609678268433,5.541263545158426,0.0,8.339372019244912,0.17500993609428406,-0.2555653528661011,1.8781303494314965,0.0,2.2342390143534523,0.16127660381082293,,32.0,True,171
ld4,ld4,sweep_all,attention.linear_dominance,marabou,"S,P",ERROR,error,0.1392371654510498,5.541263545158426,0.0,8.339372019244912,0.17500993609428406,-0.2555653528661011,1.8781303494314965,0.0,2.2342390143534523,0.16127660381082293,,32.0,True,171
ld4,ld4,sweep_all,attention.linear_dominance,neuralsat,S,UNSAT,solved,76.84211254119873,5.541263545158426,0.0,8.339372019244912,0.17500993609428406,-0.2555653528661011,1.8781303494314965,0.0,2.2342390143534523,0.16127660381082293,,32.0,True,171
ld4,ld4,sweep_all,attention.linear_dominance,nnenum,"R,P",missing,missing,,5.541263545158426,0.0,8.339372019244912,0.17500993609428406,-0.2555653528661011,1.8781303494314965,0.0,2.2342390143534523,0.16127660381082293,,32.0,True,171
ld4,ld4,sweep_all,attention.linear_dominance,pyrat,D,ERROR,error,3.1534788608551025,5.541263545158426,0.0,8.339372019244912,0.17500993609428406,-0.2555653528661011,1.8781303494314965,0.0,2.2342390143534523,0.16127660381082293,,32.0,True,171
ld5,ld5,sweep_all,attention.linear_dominance,abcrown,"D,P",UNSAT,solved,92.42591714859009,5.5909869805108565,0.0,8.41547823999377,0.27733826637268066,-0.16127037518392456,1.8857031067251113,0.0,2.242354956357438,0.24477843341583455,,32.0,True,172
ld5,ld5,sweep_all,attention.linear_dominance,marabou,"S,P",ERROR,error,0.13742661476135254,5.5909869805108565,0.0,8.41547823999377,0.27733826637268066,-0.16127037518392456,1.8857031067251113,0.0,2.242354956357438,0.24477843341583455,,32.0,True,172
ld5,ld5,sweep_all,attention.linear_dominance,neuralsat,S,UNSAT,solved,76.8022665977478,5.5909869805108565,0.0,8.41547823999377,0.27733826637268066,-0.16127037518392456,1.8857031067251113,0.0,2.242354956357438,0.24477843341583455,,32.0,True,172
ld5,ld5,sweep_all,attention.linear_dominance,nnenum,"R,P",missing,missing,,5.5909869805108565,0.0,8.41547823999377,0.27733826637268066,-0.16127037518392456,1.8857031067251113,0.0,2.242354956357438,0.24477843341583455,,32.0,True,172
ld5,ld5,sweep_all,attention.linear_dominance,pyrat,D,ERROR,error,3.6879260540008545,5.5909869805108565,0.0,8.41547823999377,0.27733826637268066,-0.16127037518392456,1.8857031067251113,0.0,2.242354956357438,0.24477843341583455,,32.0,True,172
ld6,ld6,sweep_all,attention.linear_dominance,abcrown,"D,P",UNSAT,solved,89.01150631904602,5.529429087511423,0.0,8.292160267937096,0.6610694527626038,-0.06765771143102073,1.8763195102948889,0.0,2.229171062707879,0.50746164358155,,32.0,True,173
ld6,ld6,sweep_all,attention.linear_dominance,marabou,"S,P",ERROR,error,0.13765716552734375,5.529429087511423,0.0,8.292160267937096,0.6610694527626038,-0.06765771143102073,1.8763195102948889,0.0,2.229171062707879,0.50746164358155,,32.0,True,173
ld6,ld6,sweep_all,attention.linear_dominance,neuralsat,S,UNSAT,solved,79.78250980377197,5.529429087511423,0.0,8.292160267937096,0.6610694527626038,-0.06765771143102073,1.8763195102948889,0.0,2.229171062707879,0.50746164358155,,32.0,True,173
ld6,ld6,sweep_all,attention.linear_dominance,nnenum,"R,P",missing,missing,,5.529429087511423,0.0,8.292160267937096,0.6610694527626038,-0.06765771143102073,1.8763195102948889,0.0,2.229171062707879,0.50746164358155,,32.0,True,173
ld6,ld6,sweep_all,attention.linear_dominance,pyrat,D,ERROR,error,3.7420363426208496,5.529429087511423,0.0,8.292160267937096,0.6610694527626038,-0.06765771143102073,1.8763195102948889,0.0,2.229171062707879,0.50746164358155,,32.0,True,173
ld7,ld7,sweep_all,attention.linear_dominance,abcrown,"D,P",UNSAT,solved,36.15108871459961,3.8501476017100584,0.0,2.4944366315154896,0.25003862380981445,0.006561666259802238,1.579009137828587,0.0,1.2511721699934033,0.22317444988469556,0.006540232238588056,8.0,True,174
ld7,ld7,sweep_all,attention.linear_dominance,marabou,"S,P",ERROR,error,0.13631343841552734,3.8501476017100584,0.0,2.4944366315154896,0.25003862380981445,0.006561666259802238,1.579009137828587,0.0,1.2511721699934033,0.22317444988469556,0.006540232238588056,8.0,True,174
ld7,ld7,sweep_all,attention.linear_dominance,neuralsat,S,UNSAT,solved,71.7170979976654,3.8501476017100584,0.0,2.4944366315154896,0.25003862380981445,0.006561666259802238,1.579009137828587,0.0,1.2511721699934033,0.22317444988469556,0.006540232238588056,8.0,True,174
ld7,ld7,sweep_all,attention.linear_dominance,nnenum,"R,P",missing,missing,,3.8501476017100584,0.0,2.4944366315154896,0.25003862380981445,0.006561666259802238,1.579009137828587,0.0,1.2511721699934033,0.22317444988469556,0.006540232238588056,8.0,True,174
ld7,ld7,sweep_all,attention.linear_dominance,pyrat,D,ERROR,error,3.4214930534362793,3.8501476017100584,0.0,2.4944366315154896,0.25003862380981445,0.006561666259802238,1.579009137828587,0.0,1.2511721699934033,0.22317444988469556,0.006540232238588056,8.0,True,174
ld8,ld8,sweep_all,attention.linear_dominance,abcrown,"D,P",UNSAT,solved,62.50429368019104,5.337538079701318,0.0,7.569733842751627,0.4068247079849243,-0.09990561339656452,1.8464903775306214,0.0,2.148236675272295,0.3413351847168875,,32.0,True,175
ld8,ld8,sweep_all,attention.linear_dominance,marabou,"S,P",ERROR,error,0.1388864517211914,5.337538079701318,0.0,7.569733842751627,0.4068247079849243,-0.09990561339656452,1.8464903775306214,0.0,2.148236675272295,0.3413351847168875,,32.0,True,175
ld8,ld8,sweep_all,attention.linear_dominance,neuralsat,S,UNSAT,solved,61.9687066078186,5.337538079701318,0.0,7.569733842751627,0.4068247079849243,-0.09990561339656452,1.8464903775306214,0.0,2.148236675272295,0.3413351847168875,,32.0,True,175
ld8,ld8,sweep_all,attention.linear_dominance,nnenum,"R,P",missing,missing,,5.337538079701318,0.0,7.569733842751627,0.4068247079849243,-0.09990561339656452,1.8464903775306214,0.0,2.148236675272295,0.3413351847168875,,32.0,True,175
ld8,ld8,sweep_all,attention.linear_dominance,pyrat,D,ERROR,error,3.603145122528076,5.337538079701318,0.0,7.569733842751627,0.4068247079849243,-0.09990561339656452,1.8464903775306214,0.0,2.148236675272295,0.3413351847168875,,32.0,True,175
ld9,ld9,sweep_all,attention.linear_dominance,abcrown,"D,P",UNSAT,solved,108.22582030296326,5.707110264748875,0.0,15.795783592807187,0.5711484551429749,-0.07621053379656904,1.9031681972312866,0.0,2.8211278782906914,0.4518068520354937,,72.0,True,176
ld9,ld9,sweep_all,attention.linear_dominance,marabou,"S,P",ERROR,error,0.1397106647491455,5.707110264748875,0.0,15.795783592807187,0.5711484551429749,-0.07621053379656904,1.9031681972312866,0.0,2.8211278782906914,0.4518068520354937,,72.0,True,176
ld9,ld9,sweep_all,attention.linear_dominance,neuralsat,S,UNSAT,solved,75.35434532165527,5.707110264748875,0.0,15.795783592807187,0.5711484551429749,-0.07621053379656904,1.9031681972312866,0.0,2.8211278782906914,0.4518068520354937,,72.0,True,176
ld9,ld9,sweep_all,attention.linear_dominance,nnenum,"R,P",missing,missing,,5.707110264748875,0.0,15.795783592807187,0.5711484551429749,-0.07621053379656904,1.9031681972312866,0.0,2.8211278782906914,0.4518068520354937,,72.0,True,176
ld9,ld9,sweep_all,attention.linear_dominance,pyrat,D,ERROR,error,3.5441129207611084,5.707110264748875,0.0,15.795783592807187,0.5711484551429749,-0.07621053379656904,1.9031681972312866,0.0,2.8211278782906914,0.4518068520354937,,72.0,True,176
ld10,ld10,sweep_all,attention.linear_dominance,abcrown,"D,P",UNSAT,solved,107.11012244224548,5.4510384535657,0.0,7.435856001059202,0.39972108602523804,-0.06614663102389924,1.8642411184013048,0.0,2.1324911928951185,0.3362729925057352,,32.0,True,177
ld10,ld10,sweep_all,attention.linear_dominance,marabou,"S,P",ERROR,error,0.13794374465942383,5.4510384535657,0.0,7.435856001059202,0.39972108602523804,-0.06614663102389924,1.8642411184013048,0.0,2.1324911928951185,0.3362729925057352,,32.0,True,177
ld10,ld10,sweep_all,attention.linear_dominance,neuralsat,S,UNSAT,solved,70.25584745407104,5.4510384535657,0.0,7.435856001059202,0.39972108602523804,-0.06614663102389924,1.8642411184013048,0.0,2.1324911928951185,0.3362729925057352,,32.0,True,177
ld10,ld10,sweep_all,attention.linear_dominance,nnenum,"R,P",missing,missing,,5.4510384535657,0.0,7.435856001059202,0.39972108602523804,-0.06614663102389924,1.8642411184013048,0.0,2.1324911928951185,0.3362729925057352,,32.0,True,177
ld10,ld10,sweep_all,attention.linear_dominance,pyrat,D,ERROR,error,3.7210588455200195,5.4510384535657,0.0,7.435856001059202,0.39972108602523804,-0.06614663102389924,1.8642411184013048,0.0,2.1324911928951185,0.3362729925057352,,32.0,True,177
ld11,ld11,sweep_all,attention.linear_dominance,abcrown,"D,P",UNSAT,solved,105.16591668128967,5.697093486505405,0.0,14.295233995050127,0.4478011131286621,-0.15509454726636554,1.9016736242907473,0.0,2.727541276279573,0.3700459317180659,,32.0,True,178
ld11,ld11,sweep_all,attention.linear_dominance,marabou,"S,P",ERROR,error,0.1362593173980713,5.697093486505405,0.0,14.295233995050127,0.4478011131286621,-0.15509454726636554,1.9016736242907473,0.0,2.727541276279573,0.3700459317180659,,32.0,True,178
ld11,ld11,sweep_all,attention.linear_dominance,neuralsat,S,UNSAT,solved,70.88661766052246,5.697093486505405,0.0,14.295233995050127,0.4478011131286621,-0.15509454726636554,1.9016736242907473,0.0,2.727541276279573,0.3700459317180659,,32.0,True,178
ld11,ld11,sweep_all,attention.linear_dominance,nnenum,"R,P",missing,missing,,5.697093486505405,0.0,14.295233995050127,0.4478011131286621,-0.15509454726636554,1.9016736242907473,0.0,2.727541276279573,0.3700459317180659,,32.0,True,178
ld11,ld11,sweep_all,attention.linear_dominance,pyrat,D,ERROR,error,3.4007728099823,5.697093486505405,0.0,14.295233995050127,0.4478011131286621,-0.15509454726636554,1.9016736242907473,0.0,2.727541276279573,0.3700459317180659,,32.0,True,178
ld12,ld12,sweep_all,attention.linear_dominance,abcrown,"D,P",UNSAT,solved,108.76589584350586,5.7899601708972535,0.0,23.231649390281422,0.5071028470993042,-0.21229882663743047,1.9154450757061625,0.0,3.1876596047477546,0.4101891635660568,,32.0,True,179
ld12,ld12,sweep_all,attention.linear_dominance,marabou,"S,P",ERROR,error,0.1374192237854004,5.7899601708972535,0.0,23.231649390281422,0.5071028470993042,-0.21229882663743047,1.9154450757061625,0.0,3.1876596047477546,0.4101891635660568,,32.0,True,179
ld12,ld12,sweep_all,attention.linear_dominance,neuralsat,S,UNSAT,solved,53.270036697387695,5.7899601708972535,0.0,23.231649390281422,0.5071028470993042,-0.21229882663743047,1.9154450757061625,0.0,3.1876596047477546,0.4101891635660568,,32.0,True,179
ld12,ld12,sweep_all,attention.linear_dominance,nnenum,"R,P",missing,missing,,5.7899601708972535,0.0,23.231649390281422,0.5071028470993042,-0.21229882663743047,1.9154450757061625,0.0,3.1876596047477546,0.4101891635660568,,32.0,True,179
ld12,ld12,sweep_all,attention.linear_dominance,pyrat,D,ERROR,error,3.158643960952759,5.7899601708972535,0.0,23.231649390281422,0.5071028470993042,-0.21229882663743047,1.9154450757061625,0.0,3.1876596047477546,0.4101891635660568,,32.0,True,179
ld13,ld13,sweep_all,attention.linear_dominance,abcrown,"D,P",UNSAT,solved,108.74181246757507,5.384495062789089,0.0,7.022783387284989,0.3378868103027344,-0.09384488339656111,1.8538724045702297,0.0,2.082285417439695,0.2910913619412803,,32.0,True,180
ld13,ld13,sweep_all,attention.linear_dominance,marabou,"S,P",ERROR,error,0.1359102725982666,5.384495062789089,0.0,7.022783387284989,0.3378868103027344,-0.09384488339656111,1.8538724045702297,0.0,2.082285417439695,0.2910913619412803,,32.0,True,180
ld13,ld13,sweep_all,attention.linear_dominance,neuralsat,S,UNSAT,solved,46.88658690452576,5.384495062789089,0.0,7.022783387284989,0.3378868103027344,-0.09384488339656111,1.8538724045702297,0.0,2.082285417439695,0.2910913619412803,,32.0,True,180
ld13,ld13,sweep_all,attention.linear_dominance,nnenum,"R,P",missing,missing,,5.384495062789089,0.0,7.022783387284989,0.3378868103027344,-0.09384488339656111,1.8538724045702297,0.0,2.082285417439695,0.2910913619412803,,32.0,True,180
ld13,ld13,sweep_all,attention.linear_dominance,pyrat,D,ERROR,error,3.786087989807129,5.384495062789089,0.0,7.022783387284989,0.3378868103027344,-0.09384488339656111,1.8538724045702297,0.0,2.082285417439695,0.2910913619412803,,32.0,True,180
ld14,ld14,sweep_all,attention.linear_dominance,abcrown,"D,P",UNSAT,solved,104.99802279472351,5.327876168789581,0.0,7.135860485480187,0.4124794900417328,-0.049138796496976535,1.8449646614985311,0.0,2.0962815107968966,0.34534666360860106,,32.0,True,181
ld14,ld14,sweep_all,attention.linear_dominance,marabou,"S,P",ERROR,error,0.13746047019958496,5.327876168789581,0.0,7.135860485480187,0.4124794900417328,-0.049138796496976535,1.8449646614985311,0.0,2.0962815107968966,0.34534666360860106,,32.0,True,181
ld14,ld14,sweep_all,attention.linear_dominance,neuralsat,S,UNSAT,solved,74.38096451759338,5.327876168789581,0.0,7.135860485480187,0.4124794900417328,-0.049138796496976535,1.8449646614985311,0.0,2.0962815107968966,0.34534666360860106,,32.0,True,181
ld14,ld14,sweep_all,attention.linear_dominance,nnenum,"R,P",missing,missing,,5.327876168789581,0.0,7.135860485480187,0.4124794900417328,-0.049138796496976535,1.8449646614985311,0.0,2.0962815107968966,0.34534666360860106,,32.0,True,181
ld14,ld14,sweep_all,attention.linear_dominance,pyrat,D,ERROR,error,3.4842770099639893,5.327876168789581,0.0,7.135860485480187,0.4124794900417328,-0.049138796496976535,1.8449646614985311,0.0,2.0962815107968966,0.34534666360860106,,32.0,True,181
ld15,ld15,sweep_all,attention.linear_dominance,abcrown,"D,P",UNSAT,solved,106.52597141265869,5.5053315359323625,0.0,6.525248996871173,0.4251691997051239,-0.1795267010507465,1.8726220769889215,0.0,2.0182638993727067,0.3542905433071522,,32.0,True,182
ld15,ld15,sweep_all,attention.linear_dominance,marabou,"S,P",ERROR,error,0.13481926918029785,5.5053315359323625,0.0,6.525248996871173,0.4251691997051239,-0.1795267010507465,1.8726220769889215,0.0,2.0182638993727067,0.3542905433071522,,32.0,True,182
ld15,ld15,sweep_all,attention.linear_dominance,neuralsat,S,UNSAT,solved,78.58188533782959,5.5053315359323625,0.0,6.525248996871173,0.4251691997051239,-0.1795267010507465,1.8726220769889215,0.0,2.0182638993727067,0.3542905433071522,,32.0,True,182
ld15,ld15,sweep_all,attention.linear_dominance,nnenum,"R,P",missing,missing,,5.5053315359323625,0.0,6.525248996871173,0.4251691997051239,-0.1795267010507465,1.8726220769889215,0.0,2.0182638993727067,0.3542905433071522,,32.0,True,182
ld15,ld15,sweep_all,attention.linear_dominance,pyrat,D,ERROR,error,3.49973464012146,5.5053315359323625,0.0,6.525248996871173,0.4251691997051239,-0.1795267010507465,1.8726220769889215,0.0,2.0182638993727067,0.3542905433071522,,32.0,True,182
ld16,ld16,sweep_all,attention.linear_dominance,abcrown,"D,P",UNSAT,solved,107.96197199821472,5.929589143389895,0.0,6.808502380897761,0.15260827541351318,-0.1993985874237327,1.935800524776163,0.0,2.0552131888567446,0.14202743977386073,,32.0,True,183
ld16,ld16,sweep_all,attention.linear_dominance,marabou,"S,P",ERROR,error,0.14064383506774902,5.929589143389895,0.0,6.808502380897761,0.15260827541351318,-0.1993985874237327,1.935800524776163,0.0,2.0552131888567446,0.14202743977386073,,32.0,True,183
ld16,ld16,sweep_all,attention.linear_dominance,neuralsat,S,UNSAT,solved,76.07431101799011,5.929589143389895,0.0,6.808502380897761,0.15260827541351318,-0.1993985874237327,1.935800524776163,0.0,2.0552131888567446,0.14202743977386073,,32.0,True,183
ld16,ld16,sweep_all,attention.linear_dominance,nnenum,"R,P",missing,missing,,5.929589143389895,0.0,6.808502380897761,0.15260827541351318,-0.1993985874237327,1.935800524776163,0.0,2.0552131888567446,0.14202743977386073,,32.0,True,183
ld16,ld16,sweep_all,attention.linear_dominance,pyrat,D,ERROR,error,3.6314640045166016,5.929589143389895,0.0,6.808502380897761,0.15260827541351318,-0.1993985874237327,1.935800524776163,0.0,2.0552131888567446,0.14202743977386073,,32.0,True,183
ld17,ld17,sweep_all,attention.linear_dominance,abcrown,"D,P",UNSAT,solved,108.02545309066772,5.545177444479562,0.0,7.1421355670047655,0.3980410099029541,-0.18154044911470082,1.8787285104503608,0.0,2.097052500274371,0.3350719780758956,,32.0,True,184
ld17,ld17,sweep_all,attention.linear_dominance,marabou,"S,P",ERROR,error,0.13982367515563965,5.545177444479562,0.0,7.1421355670047655,0.3980410099029541,-0.18154044911470082,1.8787285104503608,0.0,2.097052500274371,0.3350719780758956,,32.0,True,184
ld17,ld17,sweep_all,attention.linear_dominance,neuralsat,S,UNSAT,solved,55.1463406085968,5.545177444479562,0.0,7.1421355670047655,0.3980410099029541,-0.18154044911470082,1.8787285104503608,0.0,2.097052500274371,0.3350719780758956,,32.0,True,184
ld17,ld17,sweep_all,attention.linear_dominance,nnenum,"R,P",missing,missing,,5.545177444479562,0.0,7.1421355670047655,0.3980410099029541,-0.18154044911470082,1.8787285104503608,0.0,2.097052500274371,0.3350719780758956,,32.0,True,184
ld17,ld17,sweep_all,attention.linear_dominance,pyrat,D,ERROR,error,3.609149217605591,5.545177444479562,0.0,7.1421355670047655,0.3980410099029541,-0.18154044911470082,1.8787285104503608,0.0,2.097052500274371,0.3350719780758956,,32.0,True,184
ld18,ld18,sweep_all,attention.linear_dominance,abcrown,"D,P",UNSAT,solved,93.1939697265625,5.049856007249537,0.0,6.655723667484889,0.9507720470428467,-0.18001707132712752,1.8000344713048928,0.0,2.0354535599105605,0.6682252157798299,,32.0,True,185
ld18,ld18,sweep_all,attention.linear_dominance,marabou,"S,P",ERROR,error,0.1353142261505127,5.049856007249537,0.0,6.655723667484889,0.9507720470428467,-0.18001707132712752,1.8000344713048928,0.0,2.0354535599105605,0.6682252157798299,,32.0,True,185
ld18,ld18,sweep_all,attention.linear_dominance,neuralsat,S,UNSAT,solved,72.1091423034668,5.049856007249537,0.0,6.655723667484889,0.9507720470428467,-0.18001707132712752,1.8000344713048928,0.0,2.0354535599105605,0.6682252157798299,,32.0,True,185
ld18,ld18,sweep_all,attention.linear_dominance,nnenum,"R,P",missing,missing,,5.049856007249537,0.0,6.655723667484889,0.9507720470428467,-0.18001707132712752,1.8000344713048928,0.0,2.0354535599105605,0.6682252157798299,,32.0,True,185
ld18,ld18,sweep_all,attention.linear_dominance,pyrat,D,ERROR,error,3.821255922317505,5.049856007249537,0.0,6.655723667484889,0.9507720470428467,-0.18001707132712752,1.8000344713048928,0.0,2.0354535599105605,0.6682252157798299,,32.0,True,185
fp1,fp1,sweep_all,attention.fixed_pattern,abcrown,"D,P",UNSAT,solved,139.99962329864502,0.6931471805599453,1.0,46.95985758488482,0.33158329129219055,0.05396667238579426,0.5265890341390445,0.6931471805599453,3.8703643606987916,0.28636867879695493,0.052560829491913895,256.0,True,186
fp1,fp1,sweep_all,attention.fixed_pattern,marabou,"S,P",ERROR,error,0.009723424911499023,0.6931471805599453,1.0,46.95985758488482,0.33158329129219055,0.05396667238579426,0.5265890341390445,0.6931471805599453,3.8703643606987916,0.28636867879695493,0.052560829491913895,256.0,True,186
fp1,fp1,sweep_all,attention.fixed_pattern,neuralsat,S,UNSAT,solved,142.33028602600098,0.6931471805599453,1.0,46.95985758488482,0.33158329129219055,0.05396667238579426,0.5265890341390445,0.6931471805599453,3.8703643606987916,0.28636867879695493,0.052560829491913895,256.0,True,186
fp1,fp1,sweep_all,attention.fixed_pattern,nnenum,"R,P",missing,missing,,0.6931471805599453,1.0,46.95985758488482,0.33158329129219055,0.05396667238579426,0.5265890341390445,0.6931471805599453,3.8703643606987916,0.28636867879695493,0.052560829491913895,256.0,True,186
fp1,fp1,sweep_all,attention.fixed_pattern,pyrat,D,UNSAT,solved,4.313469171524048,0.6931471805599453,1.0,46.95985758488482,0.33158329129219055,0.05396667238579426,0.5265890341390445,0.6931471805599453,3.8703643606987916,0.28636867879695493,0.052560829491913895,256.0,True,186
fp2,fp2,sweep_all,attention.fixed_pattern,abcrown,"D,P",UNSAT,solved,132.19660687446594,0.6931471805599453,1.0,46.9579222981112,0.6641641855239868,0.05390409937291452,0.5265890341390445,0.6931471805599453,3.8703240076635934,0.5093230067166212,0.05250145866734868,256.0,True,187
fp2,fp2,sweep_all,attention.fixed_pattern,marabou,"S,P",ERROR,error,0.0059528350830078125,0.6931471805599453,1.0,46.9579222981112,0.6641641855239868,0.05390409937291452,0.5265890341390445,0.6931471805599453,3.8703240076635934,0.5093230067166212,0.05250145866734868,256.0,True,187
fp2,fp2,sweep_all,attention.fixed_pattern,neuralsat,S,UNSAT,solved,124.08227896690369,0.6931471805599453,1.0,46.9579222981112,0.6641641855239868,0.05390409937291452,0.5265890341390445,0.6931471805599453,3.8703240076635934,0.5093230067166212,0.05250145866734868,256.0,True,187
fp2,fp2,sweep_all,attention.fixed_pattern,nnenum,"R,P",missing,missing,,0.6931471805599453,1.0,46.9579222981112,0.6641641855239868,0.05390409937291452,0.5265890341390445,0.6931471805599453,3.8703240076635934,0.5093230067166212,0.05250145866734868,256.0,True,187
fp2,fp2,sweep_all,attention.fixed_pattern,pyrat,D,UNSAT,solved,4.844157934188843,0.6931471805599453,1.0,46.9579222981112,0.6641641855239868,0.05390409937291452,0.5265890341390445,0.6931471805599453,3.8703240076635934,0.5093230067166212,0.05250145866734868,256.0,True,187
fp3,fp3,sweep_all,attention.fixed_pattern,abcrown,"D,P",UNSAT,solved,137.30164909362793,1.6094379124341003,1.0,46.89924824333223,6.822356700897217,0.05216418024675631,0.9591348389208239,0.6931471805599453,3.8690998100000225,2.0569858775560634,0.050849167012005175,256.0,True,188
fp3,fp3,sweep_all,attention.fixed_pattern,marabou,"S,P",ERROR,error,0.008640766143798828,1.6094379124341003,1.0,46.89924824333223,6.822356700897217,0.05216418024675631,0.9591348389208239,0.6931471805599453,3.8690998100000225,2.0569858775560634,0.050849167012005175,256.0,True,188
fp3,fp3,sweep_all,attention.fixed_pattern,neuralsat,S,UNSAT,solved,135.79427576065063,1.6094379124341003,1.0,46.89924824333223,6.822356700897217,0.05216418024675631,0.9591348389208239,0.6931471805599453,3.8690998100000225,2.0569858775560634,0.050849167012005175,256.0,True,188
fp3,fp3,sweep_all,attention.fixed_pattern,nnenum,"R,P",missing,missing,,1.6094379124341003,1.0,46.89924824333223,6.822356700897217,0.05216418024675631,0.9591348389208239,0.6931471805599453,3.8690998100000225,2.0569858775560634,0.050849167012005175,256.0,True,188
fp3,fp3,sweep_all,attention.fixed_pattern,pyrat,D,UNSAT,solved,4.263689041137695,1.6094379124341003,1.0,46.89924824333223,6.822356700897217,0.05216418024675631,0.9591348389208239,0.6931471805599453,3.8690998100000225,2.0569858775560634,0.050849167012005175,256.0,True,188
fp4,fp4,sweep_all,attention.fixed_pattern,abcrown,"D,P",UNSAT,solved,120.38196730613708,1.9459101490553132,1.0,41.96600920847314,2.7773396968841553,0.05151336075253315,1.0804178182729878,0.6931471805599453,3.7604093195728354,1.3290199779662728,0.05023042245415095,256.0,True,189
fp4,fp4,sweep_all,attention.fixed_pattern,marabou,"S,P",ERROR,error,0.0058705806732177734,1.9459101490553132,1.0,41.96600920847314,2.7773396968841553,0.05151336075253315,1.0804178182729878,0.6931471805599453,3.7604093195728354,1.3290199779662728,0.05023042245415095,256.0,True,189
fp4,fp4,sweep_all,attention.fixed_pattern,neuralsat,S,UNSAT,solved,189.3823263645172,1.9459101490553132,1.0,41.96600920847314,2.7773396968841553,0.05151336075253315,1.0804178182729878,0.6931471805599453,3.7604093195728354,1.3290199779662728,0.05023042245415095,256.0,True,189
fp4,fp4,sweep_all,attention.fixed_pattern,nnenum,"R,P",missing,missing,,1.9459101490553132,1.0,41.96600920847314,2.7773396968841553,0.05151336075253315,1.0804178182729878,0.6931471805599453,3.7604093195728354,1.3290199779662728,0.05023042245415095,256.0,True,189
fp4,fp4,sweep_all,attention.fixed_pattern,pyrat,D,UNSAT,solved,4.5041773319244385,1.9459101490553132,1.0,41.96600920847314,2.7773396968841553,0.05151336075253315,1.0804178182729878,0.6931471805599453,3.7604093195728354,1.3290199779662728,0.05023042245415095,256.0,True,189
fp5,fp5,sweep_all,attention.fixed_pattern,abcrown,"D,P",UNSAT,solved,142.6059033870697,2.772588722239781,1.0,38.56984286837773,6.710116386413574,0.05689358309122701,1.327761429538331,0.6931471805599453,3.678067284410872,2.042533282975384,0.05533402357110288,256.0,True,190
fp5,fp5,sweep_all,attention.fixed_pattern,marabou,"S,P",ERROR,error,0.005866527557373047,2.772588722239781,1.0,38.56984286837773,6.710116386413574,0.05689358309122701,1.327761429538331,0.6931471805599453,3.678067284410872,2.042533282975384,0.05533402357110288,256.0,True,190
fp5,fp5,sweep_all,attention.fixed_pattern,neuralsat,S,UNSAT,solved,137.90624046325684,2.772588722239781,1.0,38.56984286837773,6.710116386413574,0.05689358309122701,1.327761429538331,0.6931471805599453,3.678067284410872,2.042533282975384,0.05533402357110288,256.0,True,190
fp5,fp5,sweep_all,attention.fixed_pattern,nnenum,"R,P",missing,missing,,2.772588722239781,1.0,38.56984286837773,6.710116386413574,0.05689358309122701,1.327761429538331,0.6931471805599453,3.678067284410872,2.042533282975384,0.05533402357110288,256.0,True,190
fp5,fp5,sweep_all,attention.fixed_pattern,pyrat,D,UNSAT,solved,4.03971004486084,2.772588722239781,1.0,38.56984286837773,6.710116386413574,0.05689358309122701,1.327761429538331,0.6931471805599453,3.678067284410872,2.042533282975384,0.05533402357110288,256.0,True,190
fp6,fp6,sweep_all,attention.fixed_pattern,abcrown,"D,P",UNSAT,solved,137.8340871334076,3.58351893845611,1.0,36.08707225501676,13.275288581848145,0.04061739479225096,1.5224670302876946,0.6931471805599453,3.61326845215014,2.658529971229024,0.03981418585221896,256.0,True,191
fp6,fp6,sweep_all,attention.fixed_pattern,marabou,"S,P",ERROR,error,0.005659580230712891,3.58351893845611,1.0,36.08707225501676,13.275288581848145,0.04061739479225096,1.5224670302876946,0.6931471805599453,3.61326845215014,2.658529971229024,0.03981418585221896,256.0,True,191
fp6,fp6,sweep_all,attention.fixed_pattern,neuralsat,S,UNSAT,solved,144.26629066467285,3.58351893845611,1.0,36.08707225501676,13.275288581848145,0.04061739479225096,1.5224670302876946,0.6931471805599453,3.61326845215014,2.658529971229024,0.03981418585221896,256.0,True,191
fp6,fp6,sweep_all,attention.fixed_pattern,nnenum,"R,P",missing,missing,,3.58351893845611,1.0,36.08707225501676,13.275288581848145,0.04061739479225096,1.5224670302876946,0.6931471805599453,3.61326845215014,2.658529971229024,0.03981418585221896,256.0,True,191
fp6,fp6,sweep_all,attention.fixed_pattern,pyrat,D,UNSAT,solved,4.237649917602539,3.58351893845611,1.0,36.08707225501676,13.275288581848145,0.04061739479225096,1.5224670302876946,0.6931471805599453,3.61326845215014,2.658529971229024,0.03981418585221896,256.0,True,191
fp7,fp7,sweep_all,attention.fixed_pattern,abcrown,"D,P",UNSAT,solved,109.52582693099976,0.0,1.0,7.076536982883798,0.026993393898010254,0.15108617407372735,0.0,0.6931471805599453,2.08896318943428,0.02663549849925811,0.14070599581099705,4.0,True,192
fp7,fp7,sweep_all,attention.fixed_pattern,marabou,"S,P",ERROR,error,0.006670951843261719,0.0,1.0,7.076536982883798,0.026993393898010254,0.15108617407372735,0.0,0.6931471805599453,2.08896318943428,0.02663549849925811,0.14070599581099705,4.0,True,192
fp7,fp7,sweep_all,attention.fixed_pattern,neuralsat,S,UNSAT,solved,71.43442869186401,0.0,1.0,7.076536982883798,0.026993393898010254,0.15108617407372735,0.0,0.6931471805599453,2.08896318943428,0.02663549849925811,0.14070599581099705,4.0,True,192
fp7,fp7,sweep_all,attention.fixed_pattern,nnenum,"R,P",missing,missing,,0.0,1.0,7.076536982883798,0.026993393898010254,0.15108617407372735,0.0,0.6931471805599453,2.08896318943428,0.02663549849925811,0.14070599581099705,4.0,True,192
fp7,fp7,sweep_all,attention.fixed_pattern,pyrat,D,UNSAT,solved,3.660762071609497,0.0,1.0,7.076536982883798,0.026993393898010254,0.15108617407372735,0.0,0.6931471805599453,2.08896318943428,0.02663549849925811,0.14070599581099705,4.0,True,192
fp8,fp8,sweep_all,attention.fixed_pattern,abcrown,"D,P",UNSAT,solved,112.7579939365387,0.6931471805599453,1.0,19.62855118416751,0.22077259421348572,0.10265366738889872,0.5265890341390445,0.6931471805599453,3.0266760960260095,0.19948393225731528,0.09771969947786442,64.0,True,193
fp8,fp8,sweep_all,attention.fixed_pattern,marabou,"S,P",ERROR,error,0.006049156188964844,0.6931471805599453,1.0,19.62855118416751,0.22077259421348572,0.10265366738889872,0.5265890341390445,0.6931471805599453,3.0266760960260095,0.19948393225731528,0.09771969947786442,64.0,True,193
fp8,fp8,sweep_all,attention.fixed_pattern,neuralsat,S,UNSAT,solved,94.18534398078918,0.6931471805599453,1.0,19.62855118416751,0.22077259421348572,0.10265366738889872,0.5265890341390445,0.6931471805599453,3.0266760960260095,0.19948393225731528,0.09771969947786442,64.0,True,193
fp8,fp8,sweep_all,attention.fixed_pattern,nnenum,"R,P",missing,missing,,0.6931471805599453,1.0,19.62855118416751,0.22077259421348572,0.10265366738889872,0.5265890341390445,0.6931471805599453,3.0266760960260095,0.19948393225731528,0.09771969947786442,64.0,True,193
fp8,fp8,sweep_all,attention.fixed_pattern,pyrat,D,UNSAT,solved,3.681615114212036,0.6931471805599453,1.0,19.62855118416751,0.22077259421348572,0.10265366738889872,0.5265890341390445,0.6931471805599453,3.0266760960260095,0.19948393225731528,0.09771969947786442,64.0,True,193
fp9,fp9,sweep_all,attention.fixed_pattern,abcrown,"D,P",UNSAT,solved,154.25559210777283,2.0794415416798357,1.0,70.09986169447473,1.8341386318206787,0.02538991945205484,1.1247482629090362,0.6931471805599453,4.264085391581912,1.041738057439991,0.025072949474645098,1024.0,True,194
fp9,fp9,sweep_all,attention.fixed_pattern,marabou,"S,P",ERROR,error,0.006568431854248047,2.0794415416798357,1.0,70.09986169447473,1.8341386318206787,0.02538991945205484,1.1247482629090362,0.6931471805599453,4.264085391581912,1.041738057439991,0.025072949474645098,1024.0,True,194
fp9,fp9,sweep_all,attention.fixed_pattern,neuralsat,S,UNSAT,solved,179.35443425178528,2.0794415416798357,1.0,70.09986169447473,1.8341386318206787,0.02538991945205484,1.1247482629090362,0.6931471805599453,4.264085391581912,1.041738057439991,0.025072949474645098,1024.0,True,194
fp9,fp9,sweep_all,attention.fixed_pattern,nnenum,"R,P",missing,missing,,2.0794415416798357,1.0,70.09986169447473,1.8341386318206787,0.02538991945205484,1.1247482629090362,0.6931471805599453,4.264085391581912,1.041738057439991,0.025072949474645098,1024.0,True,194
fp9,fp9,sweep_all,attention.fixed_pattern,pyrat,D,UNSAT,solved,36.333028078079224,2.0794415416798357,1.0,70.09986169447473,1.8341386318206787,0.02538991945205484,1.1247482629090362,0.6931471805599453,4.264085391581912,1.041738057439991,0.025072949474645098,1024.0,True,194
fp10,fp10,sweep_all,attention.fixed_pattern,abcrown,"D,P",UNSAT,solved,142.29194974899292,1.9459101490553132,1.0,43.37167288773484,0.6677330732345581,0.05520275376414314,1.0804178182729878,0.6931471805599453,3.792601267806844,0.5114652630938669,0.053732932125810366,256.0,True,195
fp10,fp10,sweep_all,attention.fixed_pattern,marabou,"S,P",ERROR,error,0.005746364593505859,1.9459101490553132,1.0,43.37167288773484,0.6677330732345581,0.05520275376414314,1.0804178182729878,0.6931471805599453,3.792601267806844,0.5114652630938669,0.053732932125810366,256.0,True,195
fp10,fp10,sweep_all,attention.fixed_pattern,neuralsat,S,UNSAT,solved,152.33842134475708,1.9459101490553132,1.0,43.37167288773484,0.6677330732345581,0.05520275376414314,1.0804178182729878,0.6931471805599453,3.792601267806844,0.5114652630938669,0.053732932125810366,256.0,True,195
fp10,fp10,sweep_all,attention.fixed_pattern,nnenum,"R,P",missing,missing,,1.9459101490553132,1.0,43.37167288773484,0.6677330732345581,0.05520275376414314,1.0804178182729878,0.6931471805599453,3.792601267806844,0.5114652630938669,0.053732932125810366,256.0,True,195
fp10,fp10,sweep_all,attention.fixed_pattern,pyrat,D,UNSAT,solved,5.040977239608765,1.9459101490553132,1.0,43.37167288773484,0.6677330732345581,0.05520275376414314,1.0804178182729878,0.6931471805599453,3.792601267806844,0.5114652630938669,0.053732932125810366,256.0,True,195
fp11,fp11,sweep_all,attention.fixed_pattern,abcrown,"D,P",UNSAT,solved,141.53439235687256,0.0,1.0,68.56503975663617,0.8550734519958496,0.044318589921201516,0.0,0.6931471805599453,4.242262138797107,0.6179242920387286,0.04336460566753409,256.0,True,196
fp11,fp11,sweep_all,attention.fixed_pattern,marabou,"S,P",ERROR,error,0.0058939456939697266,0.0,1.0,68.56503975663617,0.8550734519958496,0.044318589921201516,0.0,0.6931471805599453,4.242262138797107,0.6179242920387286,0.04336460566753409,256.0,True,196
fp11,fp11,sweep_all,attention.fixed_pattern,neuralsat,S,UNSAT,solved,137.96623301506042,0.0,1.0,68.56503975663617,0.8550734519958496,0.044318589921201516,0.0,0.6931471805599453,4.242262138797107,0.6179242920387286,0.04336460566753409,256.0,True,196
fp11,fp11,sweep_all,attention.fixed_pattern,nnenum,"R,P",missing,missing,,0.0,1.0,68.56503975663617,0.8550734519958496,0.044318589921201516,0.0,0.6931471805599453,4.242262138797107,0.6179242920387286,0.04336460566753409,256.0,True,196
fp11,fp11,sweep_all,attention.fixed_pattern,pyrat,D,UNSAT,solved,4.341092824935913,0.0,1.0,68.56503975663617,0.8550734519958496,0.044318589921201516,0.0,0.6931471805599453,4.242262138797107,0.6179242920387286,0.04336460566753409,256.0,True,196
fp12,fp12,sweep_all,attention.fixed_pattern,abcrown,"D,P",UNSAT,solved,148.72590684890747,0.0,1.0,147.97906902665798,0.958109974861145,0.046064420497166816,0.0,0.6931471805599453,5.003805819746581,0.6719797094672487,0.04503495121969142,256.0,True,197
fp12,fp12,sweep_all,attention.fixed_pattern,marabou,"S,P",ERROR,error,0.0059356689453125,0.0,1.0,147.97906902665798,0.958109974861145,0.046064420497166816,0.0,0.6931471805599453,5.003805819746581,0.6719797094672487,0.04503495121969142,256.0,True,197
fp12,fp12,sweep_all,attention.fixed_pattern,neuralsat,S,UNSAT,solved,149.17038440704346,0.0,1.0,147.97906902665798,0.958109974861145,0.046064420497166816,0.0,0.6931471805599453,5.003805819746581,0.6719797094672487,0.04503495121969142,256.0,True,197
fp12,fp12,sweep_all,attention.fixed_pattern,nnenum,"R,P",missing,missing,,0.0,1.0,147.97906902665798,0.958109974861145,0.046064420497166816,0.0,0.6931471805599453,5.003805819746581,0.6719797094672487,0.04503495121969142,256.0,True,197
fp12,fp12,sweep_all,attention.fixed_pattern,pyrat,D,UNSAT,solved,3.9652209281921387,0.0,1.0,147.97906902665798,0.958109974861145,0.046064420497166816,0.0,0.6931471805599453,5.003805819746581,0.6719797094672487,0.04503495121969142,256.0,True,197
fp13,fp13,sweep_all,attention.fixed_pattern,abcrown,"D,P",UNSAT,solved,144.205992937088,4.174387269895637,1.0,41.91160423463802,32.54780578613281,0.012614861406982935,1.6437209301888343,0.6931471805599453,3.7591422843367073,3.5129714599714155,0.012535956929266656,256.0,True,198
fp13,fp13,sweep_all,attention.fixed_pattern,marabou,"S,P",ERROR,error,0.006877422332763672,4.174387269895637,1.0,41.91160423463802,32.54780578613281,0.012614861406982935,1.6437209301888343,0.6931471805599453,3.7591422843367073,3.5129714599714155,0.012535956929266656,256.0,True,198
fp13,fp13,sweep_all,attention.fixed_pattern,neuralsat,S,UNSAT,solved,148.4423005580902,4.174387269895637,1.0,41.91160423463802,32.54780578613281,0.012614861406982935,1.6437209301888343,0.6931471805599453,3.7591422843367073,3.5129714599714155,0.012535956929266656,256.0,True,198
fp13,fp13,sweep_all,attention.fixed_pattern,nnenum,"R,P",missing,missing,,4.174387269895637,1.0,41.91160423463802,32.54780578613281,0.012614861406982935,1.6437209301888343,0.6931471805599453,3.7591422843367073,3.5129714599714155,0.012535956929266656,256.0,True,198
fp13,fp13,sweep_all,attention.fixed_pattern,pyrat,D,UNSAT,solved,4.245492219924927,4.174387269895637,1.0,41.91160423463802,32.54780578613281,0.012614861406982935,1.6437209301888343,0.6931471805599453,3.7591422843367073,3.5129714599714155,0.012535956929266656,256.0,True,198
fp14,fp14,sweep_all,attention.fixed_pattern,abcrown,"D,P",UNSAT,solved,141.90998125076294,2.5649493574615367,1.0,42.074983500605235,12.992792129516602,0.03160099086680326,1.2711498482847257,0.6931471805599453,3.762942399375156,2.638542349143904,0.031111955539135042,256.0,True,199
fp14,fp14,sweep_all,attention.fixed_pattern,marabou,"S,P",ERROR,error,0.006163597106933594,2.5649493574615367,1.0,42.074983500605235,12.992792129516602,0.03160099086680326,1.2711498482847257,0.6931471805599453,3.762942399375156,2.638542349143904,0.031111955539135042,256.0,True,199
fp14,fp14,sweep_all,attention.fixed_pattern,neuralsat,S,UNSAT,solved,152.1504156589508,2.5649493574615367,1.0,42.074983500605235,12.992792129516602,0.03160099086680326,1.2711498482847257,0.6931471805599453,3.762942399375156,2.638542349143904,0.031111955539135042,256.0,True,199
fp14,fp14,sweep_all,attention.fixed_pattern,nnenum,"R,P",missing,missing,,2.5649493574615367,1.0,42.074983500605235,12.992792129516602,0.03160099086680326,1.2711498482847257,0.6931471805599453,3.762942399375156,2.638542349143904,0.031111955539135042,256.0,True,199
fp14,fp14,sweep_all,attention.fixed_pattern,pyrat,D,UNSAT,solved,4.318490028381348,2.5649493574615367,1.0,42.074983500605235,12.992792129516602,0.03160099086680326,1.2711498482847257,0.6931471805599453,3.762942399375156,2.638542349143904,0.031111955539135042,256.0,True,199
fp15,fp15,sweep_all,attention.fixed_pattern,abcrown,"D,P",UNSAT,solved,144.39936351776123,1.9459101490553132,1.0,42.09234094459674,7.126287937164307,0.0576155649391963,1.0804178182729878,0.6931471805599453,3.763345277016722,2.095104230996871,0.05601690723391286,256.0,True,200
fp15,fp15,sweep_all,attention.fixed_pattern,marabou,"S,P",ERROR,error,0.006003141403198242,1.9459101490553132,1.0,42.09234094459674,7.126287937164307,0.0576155649391963,1.0804178182729878,0.6931471805599453,3.763345277016722,2.095104230996871,0.05601690723391286,256.0,True,200
fp15,fp15,sweep_all,attention.fixed_pattern,neuralsat,S,UNSAT,solved,143.99817991256714,1.9459101490553132,1.0,42.09234094459674,7.126287937164307,0.0576155649391963,1.0804178182729878,0.6931471805599453,3.763345277016722,2.095104230996871,0.05601690723391286,256.0,True,200
fp15,fp15,sweep_all,attention.fixed_pattern,nnenum,"R,P",missing,missing,,1.9459101490553132,1.0,42.09234094459674,7.126287937164307,0.0576155649391963,1.0804178182729878,0.6931471805599453,3.763345277016722,2.095104230996871,0.05601690723391286,256.0,True,200
fp15,fp15,sweep_all,attention.fixed_pattern,pyrat,D,UNSAT,solved,3.8550429344177246,1.9459101490553132,1.0,42.09234094459674,7.126287937164307,0.0576155649391963,1.0804178182729878,0.6931471805599453,3.763345277016722,2.095104230996871,0.05601690723391286,256.0,True,200
fp16,fp16,sweep_all,attention.fixed_pattern,abcrown,"D,P",UNSAT,solved,146.43661522865295,1.791759469228055,1.0,42.08231131202851,6.4809722900390625,0.06335239328983783,1.026672031199051,0.6931471805599453,3.7631125024745367,2.012362768838369,0.06142655269198299,256.0,True,201
fp16,fp16,sweep_all,attention.fixed_pattern,marabou,"S,P",ERROR,error,0.006288766860961914,1.791759469228055,1.0,42.08231131202851,6.4809722900390625,0.06335239328983783,1.026672031199051,0.6931471805599453,3.7631125024745367,2.012362768838369,0.06142655269198299,256.0,True,201
fp16,fp16,sweep_all,attention.fixed_pattern,neuralsat,S,UNSAT,solved,140.69438290596008,1.791759469228055,1.0,42.08231131202851,6.4809722900390625,0.06335239328983783,1.026672031199051,0.6931471805599453,3.7631125024745367,2.012362768838369,0.06142655269198299,256.0,True,201
fp16,fp16,sweep_all,attention.fixed_pattern,nnenum,"R,P",missing,missing,,1.791759469228055,1.0,42.08231131202851,6.4809722900390625,0.06335239328983783,1.026672031199051,0.6931471805599453,3.7631125024745367,2.012362768838369,0.06142655269198299,256.0,True,201
fp16,fp16,sweep_all,attention.fixed_pattern,pyrat,D,UNSAT,solved,3.624095916748047,1.791759469228055,1.0,42.08231131202851,6.4809722900390625,0.06335239328983783,1.026672031199051,0.6931471805599453,3.7631125024745367,2.012362768838369,0.06142655269198299,256.0,True,201
fp17,fp17,sweep_all,attention.fixed_pattern,abcrown,"D,P",UNSAT,solved,146.05132055282593,1.6094379124341003,1.0,42.10016153146663,6.4745192527771,0.06341553548442755,0.9591348389208239,0.6931471805599453,3.7635267449325314,2.0114998031987628,0.06148593123888882,256.0,True,202
fp17,fp17,sweep_all,attention.fixed_pattern,marabou,"S,P",ERROR,error,0.005889415740966797,1.6094379124341003,1.0,42.10016153146663,6.4745192527771,0.06341553548442755,0.9591348389208239,0.6931471805599453,3.7635267449325314,2.0114998031987628,0.06148593123888882,256.0,True,202
fp17,fp17,sweep_all,attention.fixed_pattern,neuralsat,S,UNSAT,solved,137.5983703136444,1.6094379124341003,1.0,42.10016153146663,6.4745192527771,0.06341553548442755,0.9591348389208239,0.6931471805599453,3.7635267449325314,2.0114998031987628,0.06148593123888882,256.0,True,202
fp17,fp17,sweep_all,attention.fixed_pattern,nnenum,"R,P",missing,missing,,1.6094379124341003,1.0,42.10016153146663,6.4745192527771,0.06341553548442755,0.9591348389208239,0.6931471805599453,3.7635267449325314,2.0114998031987628,0.06148593123888882,256.0,True,202
fp17,fp17,sweep_all,attention.fixed_pattern,pyrat,D,UNSAT,solved,4.313555955886841,1.6094379124341003,1.0,42.10016153146663,6.4745192527771,0.06341553548442755,0.9591348389208239,0.6931471805599453,3.7635267449325314,2.0114998031987628,0.06148593123888882,256.0,True,202
